"","d1.txt","d2.txt","d3.txt","speech1.txt","tdm.csv","Text_MR.R"
"abe",1,3,0,0,1,0
"ability",2,0,0,0,1,0
"abundant",1,0,0,0,1,0
"access",11,0,0,0,1,0
"accessible",2,0,0,0,1,0
"according",2,0,0,0,1,0
"account",4,0,0,0,1,0
"act",2,0,0,0,1,0
"action",3,2,1,0,1,0
"actions",4,1,0,0,1,0
"activities",2,0,0,0,1,0
"actors",1,0,0,0,1,0
"addition",1,0,0,0,1,0
"address",1,0,0,0,1,0
"administration",10,0,2,0,1,0
"administration’s",1,0,0,0,1,0
"advanced",2,0,0,0,1,0
"advocate",1,0,0,0,1,0
"affected",1,0,0,0,1,0
"africa",2,0,0,0,1,0
"agents",1,0,0,0,1,0
"aimed",1,0,0,0,1,0
"allegedly",2,0,0,0,1,0
"allies",1,0,0,0,1,0
"almost",1,0,0,0,1,0
"already",3,0,0,0,1,0
"also",7,2,2,1,1,0
"although",1,0,0,0,1,0
"america",7,0,0,4,1,0
"american",6,1,0,0,1,0
"america’s",2,0,0,0,1,0
"analysts",2,0,0,0,1,0
"another",1,0,0,0,1,0
"approximately",1,0,0,0,1,0
"april",2,0,0,0,1,0
"arabic",1,0,0,0,1,0
"area",2,0,0,0,1,0
"argentina",1,0,0,0,1,0
"argument",1,0,0,0,1,0
"arms",1,0,0,0,1,0
"around",1,0,0,0,1,0
"arrest",1,0,0,0,1,0
"arrested",1,0,0,0,1,0
"article",2,0,0,0,1,0
"asian",1,0,0,0,1,0
"associates",2,0,0,0,1,0
"attention",1,0,0,0,1,0
"attorneys",1,0,0,0,1,0
"authorities",2,0,0,0,1,0
"authority",1,1,0,0,1,0
"available",1,0,0,0,1,0
"awaiting",1,0,0,0,1,0
"awardwinning",2,0,0,0,1,0
"ayman",1,0,0,0,1,0
"back",4,0,3,6,1,0
"bad",1,0,0,0,1,0
"bank",7,0,0,0,1,0
"banking",2,0,0,0,1,0
"bank’s",1,0,0,0,1,0
"barack",1,0,0,0,1,0
"basic",2,0,0,0,1,0
"began",1,0,0,0,1,0
"begin",1,0,0,1,1,0
"begins",1,0,0,0,1,0
"behalf",1,0,0,0,1,0
"believed",2,0,0,0,1,0
"benefit",5,0,0,0,1,0
"benefiting",1,0,0,0,1,0
"benin",1,0,0,0,1,0
"bid",1,0,0,0,1,0
"billion",1,0,0,2,1,0
"blacklist",1,0,0,0,1,0
"body",1,0,0,0,1,0
"booming",1,0,0,0,1,0
"brazil",3,0,0,0,1,0
"brazilians",1,0,0,0,1,0
"brings",1,0,0,0,1,0
"broke",1,0,0,0,1,0
"budget",2,0,0,0,1,0
"built",1,0,0,0,1,0
"business",1,0,0,3,1,0
"businesses",6,0,0,0,1,0
"button",4,0,0,0,1,0
"buy",1,0,0,2,1,0
"calling",1,0,0,0,1,0
"calls",2,0,0,0,1,0
"campaign",2,0,0,4,1,0
"can",4,1,0,3,1,0
"canadian",5,0,0,0,1,0
"car",3,0,0,0,1,0
"cars",1,0,0,0,1,0
"cartels",5,0,0,0,1,0
"carvajal",1,0,0,0,1,0
"carvajal’s",2,0,0,0,1,0
"case",1,0,0,1,1,0
"cash",1,0,0,0,1,0
"cassandra",2,0,0,0,1,0
"casssandra",1,0,0,0,1,0
"cause",1,0,0,1,1,0
"chams",3,0,0,0,1,0
"charges",1,0,0,0,1,0
"chief",1,0,0,0,1,0
"civil",1,0,0,0,1,0
"clean",2,0,0,0,1,0
"clicking",4,0,0,0,1,0
"clients",1,0,0,0,1,0
"cocaine",1,0,0,0,1,0
"collusion",1,0,0,0,1,0
"colombia",1,0,0,0,1,0
"colombian",1,0,0,0,1,0
"combat",1,0,0,0,1,0
"combined",1,0,0,0,1,0
"coming",1,0,0,0,1,0
"community",2,0,0,1,1,0
"companies",3,0,0,0,1,0
"company",2,0,0,0,1,0
"complained",1,0,0,0,1,0
"complex",2,0,0,0,1,0
"complicated",1,0,0,0,1,0
"concern",3,0,0,0,1,0
"concerns",1,0,0,0,1,0
"concessions",1,0,0,0,1,0
"conference",2,0,0,1,1,0
"confidential",1,0,0,0,1,0
"confirms",1,0,0,0,1,0
"congress",1,0,0,0,1,0
"consequence",1,0,0,0,1,0
"consistent",1,0,0,0,1,0
"consolidate",1,0,0,0,1,0
"consort",1,0,0,0,1,0
"constitute",1,0,0,0,1,0
"content",2,0,0,0,1,0
"continue",1,0,1,0,1,0
"continuing",1,0,0,0,1,0
"contributes",1,0,0,0,1,0
"contributions",1,0,0,1,1,0
"convictions",1,0,0,0,1,0
"countries",1,0,0,4,1,0
"country",1,1,0,4,1,0
"crackdown",2,0,0,0,1,0
"create",1,0,0,0,1,0
"crime",1,0,0,0,1,0
"crimes",3,0,0,0,1,0
"criminal",2,0,0,0,1,0
"criminals",1,0,0,0,1,0
"culminated",1,0,0,0,1,0
"currently",1,0,0,0,1,0
"cut",1,0,1,0,1,0
"day",1,1,0,1,1,0
"dea",3,0,0,0,1,0
"dealerships",1,0,0,0,1,0
"decade",2,0,0,0,1,0
"decades",1,0,0,0,1,0
"decision",1,0,1,0,1,0
"dedicated",1,0,0,0,1,0
"defense",2,0,0,0,1,0
"degree",1,0,0,0,1,0
"demise",1,0,0,0,1,0
"democracies",2,0,0,0,1,0
"deny",1,0,0,0,1,0
"department",12,0,0,0,1,0
"derailing",1,0,0,0,1,0
"designate",1,0,0,0,1,0
"designation",2,0,0,0,1,0
"designations",2,0,0,0,1,0
"despite",2,1,0,0,1,0
"details",1,0,0,0,1,0
"developed",1,0,0,0,1,0
"disrupt",1,0,0,0,1,0
"disrupting",1,0,0,0,1,0
"diversified",1,0,0,0,1,0
"document",1,0,0,0,1,1
"documented",2,0,0,0,1,0
"documents",1,0,0,0,1,0
"domestic",1,0,0,0,1,0
"donald",1,1,1,0,1,0
"door",1,0,0,0,1,0
"doubt",1,0,0,0,1,0
"dozens",1,0,0,0,1,0
"drug",9,0,0,0,1,0
"dump",1,0,0,0,1,0
"economic",1,1,2,0,1,0
"economy",1,1,1,0,1,0
"editors",2,0,0,0,1,0
"effective",1,0,0,0,1,0
"effectively",1,0,0,0,1,0
"effort",2,0,0,0,1,0
"efforts",1,0,0,0,1,0
"eightyear",1,0,0,0,1,0
"elites",1,0,0,0,1,0
"email",1,0,0,0,1,0
"emanuele",1,0,0,0,1,0
"enablers",1,0,0,0,1,0
"enforcement",1,0,0,0,1,0
"engage",1,1,0,0,1,0
"enormous",1,0,0,0,1,0
"enough",3,1,0,0,1,0
"entire",1,0,0,0,1,0
"entities",1,0,0,0,1,0
"entry",1,0,0,0,1,0
"envigado",1,0,0,0,1,0
"eottolenghi",1,0,0,0,1,0
"erupts",1,0,0,0,1,0
"established",1,0,0,0,1,0
"estimated",2,0,0,0,1,0
"even",2,0,0,4,1,0
"events",2,0,0,0,1,0
"evidence",4,2,0,0,1,0
"exchange",3,0,1,0,1,0
"exchange’s",1,0,0,0,1,0
"exclusive",2,0,0,0,1,0
"expanded",2,0,0,0,1,0
"expansive",1,0,0,0,1,0
"expert",1,0,0,0,1,0
"experts",1,0,0,0,1,0
"explosions",1,0,0,0,1,0
"exporting",1,0,0,0,1,0
"extends",1,0,0,0,1,0
"extent",1,0,0,0,1,0
"extradition",1,0,0,0,1,0
"face",1,1,0,0,1,0
"facilitated",1,0,0,0,1,0
"facilitator",1,0,0,0,1,0
"facilitators",2,0,0,0,1,0
"fact",2,0,0,0,1,0
"failed",1,0,0,0,1,0
"far",1,0,0,0,1,0
"farreaching",2,0,0,0,1,0
"fear",2,1,0,0,1,0
"feeling",1,0,0,2,1,0
"fellow",1,0,0,0,1,0
"field",2,0,0,0,1,0
"fifth",1,0,0,0,1,0
"fight",1,0,0,0,1,0
"figure",1,0,0,0,1,0
"filed",1,0,0,0,1,0
"finally",1,0,0,0,1,0
"finance",4,0,0,0,1,0
"financial",8,0,0,0,1,0
"financiers",1,0,0,0,1,0
"financing",1,0,0,0,1,0
"fines",1,0,0,0,1,0
"first",1,0,1,0,1,0
"five",1,0,0,1,1,0
"flowing",1,0,0,0,1,0
"flows",2,0,0,0,1,0
"following",2,0,0,0,1,0
"force",2,0,0,0,1,0
"forces",1,0,0,0,1,0
"force’s",1,0,0,0,1,0
"forcing",1,0,0,0,1,0
"foreign",8,2,0,0,1,0
"forfeiture",1,0,0,0,1,0
"former",2,0,0,0,1,0
"formidable",1,0,0,0,1,0
"forums",1,0,0,0,1,0
"foundation",2,0,0,0,1,0
"fourth",1,0,0,0,1,0
"fp’s",2,0,0,0,1,0
"free",2,0,0,0,1,0
"fundraise",1,0,0,0,1,0
"geopolitical",2,0,0,0,1,0
"get",6,0,0,7,1,0
"giving",1,0,0,0,1,0
"going",1,0,0,50,1,0
"gradually",1,0,0,0,1,0
"grip",1,0,0,0,1,0
"group",1,0,1,0,1,0
"group’s",1,0,0,0,1,0
"growing",2,0,0,0,1,0
"help",1,1,0,0,1,0
"hemisphere",1,0,0,0,1,0
"hezbollah",29,0,0,0,1,0
"hezbollah’s",16,0,0,0,1,0
"high",1,0,0,0,1,0
"higher",1,0,0,0,1,0
"hitting",1,0,0,0,1,0
"hope",1,1,0,0,1,0
"hot",1,0,0,0,1,0
"house",1,0,1,0,1,0
"houses",1,0,0,0,1,0
"however",4,1,0,0,1,0
"hub",1,0,0,0,1,0
"hugo",1,0,0,0,1,0
"humiliation",1,0,0,0,1,0
"hundreds",1,0,0,0,1,0
"idle",1,0,0,0,1,0
"illicit",2,0,0,0,1,0
"impact",2,0,0,0,1,0
"implicated",1,0,0,0,1,0
"implications",2,0,0,0,1,0
"important",2,0,0,2,1,0
"impose",1,1,0,0,1,0
"imposing",1,0,0,0,1,0
"include",2,0,0,0,1,0
"includes",1,0,0,0,1,0
"including",1,1,1,0,1,0
"income",1,0,0,0,1,0
"increased",1,0,0,0,1,0
"independent",1,0,0,0,1,0
"indepth",2,0,0,0,1,0
"indicated",1,0,0,0,1,0
"indictment",3,0,0,0,1,0
"indictments",2,0,0,0,1,0
"individuals",1,0,0,0,1,0
"informants",1,0,0,0,1,0
"information",2,0,0,0,1,0
"innocence",1,0,0,0,1,0
"insider",2,0,0,0,1,0
"instead",1,1,0,0,1,0
"institutions",1,0,0,0,1,0
"integrity",1,0,0,0,1,0
"intelligence",3,0,0,0,1,0
"interdictory",1,0,0,0,1,0
"interests",1,0,0,1,1,0
"international",2,1,1,0,1,0
"interpreters",1,0,0,0,1,0
"investigated",1,0,0,0,1,0
"investigation",1,0,0,0,1,0
"iran",9,14,8,0,1,0
"iran’s",2,1,0,0,1,0
"isn’t",2,0,0,0,1,0
"issued",1,0,0,0,1,0
"january",1,0,0,0,1,0
"joumaa",7,0,0,0,1,0
"joumaa’s",2,0,0,0,1,0
"judicial",1,0,0,0,1,0
"jurisdictions",1,0,0,0,1,0
"just",1,0,0,13,1,0
"justice",5,0,0,0,1,0
"key",1,0,0,0,1,0
"kingpin",1,0,0,0,1,0
"language",1,0,0,0,1,0
"largescale",1,0,0,0,1,0
"largest",1,0,0,0,1,0
"last",1,1,2,3,1,0
"later",1,0,0,0,1,0
"latin",14,0,0,0,1,0
"laundered",2,0,0,0,1,0
"laundering",5,0,0,0,1,0
"lawmakers",1,0,0,0,1,0
"leaders",1,1,0,2,1,0
"leave",1,0,0,0,1,0
"lebanese",7,0,0,0,1,0
"lebaneseowned",1,0,0,0,1,0
"lebanon",2,0,0,0,1,0
"lebanon—",1,0,0,0,1,0
"lebanon’s",1,0,0,0,1,0
"less",1,0,0,1,1,0
"leverage",2,0,0,0,1,0
"leveraged",1,0,0,0,1,0
"like",2,0,0,0,1,0
"likely",3,1,0,0,1,0
"links",1,0,0,0,1,0
"little",3,0,0,1,1,0
"live",3,0,0,0,1,0
"loading",1,0,0,0,1,0
"local",2,0,0,1,1,0
"log",1,0,0,0,1,0
"lost",1,0,0,0,1,0
"love",1,0,0,17,1,0
"made",1,1,0,0,1,0
"magazine",2,0,0,2,1,0
"make",1,1,1,4,1,1
"malign",1,0,0,0,1,0
"many",1,0,0,7,1,0
"map",1,0,0,0,1,0
"maximumpressure",2,0,0,0,1,0
"may",3,3,1,0,1,0
"means",1,0,0,0,1,0
"measure",1,0,0,0,1,0
"members",1,0,0,0,1,0
"mexican",1,0,0,0,1,0
"might",1,1,0,0,1,0
"million",3,0,0,0,1,0
"money",11,0,0,1,1,0
"moneylaundering",6,0,0,0,1,0
"money’s",1,0,0,0,1,0
"month",3,1,1,0,1,0
"mostly",1,0,0,0,1,0
"much",2,1,2,10,1,0
"multiple",2,0,0,0,1,0
"named",2,0,0,0,1,0
"names",1,0,0,0,1,0
"national",2,1,0,0,1,0
"need",1,1,1,0,1,1
"needs",2,0,0,0,1,0
"negotiations",1,0,1,0,1,0
"neither",1,0,0,0,1,0
"network",4,0,1,0,1,0
"networks",2,0,0,0,1,0
"new",1,0,0,1,1,0
"newsletters",1,0,0,0,1,0
"next",1,2,0,0,1,0
"november",1,1,0,0,1,0
"now",2,1,0,4,1,0
"nuclear",2,3,5,0,1,0
"numbers",1,0,0,0,1,0
"numerous",2,0,0,0,1,0
"obama",2,0,0,0,1,0
"obama’s",1,0,0,0,1,0
"objectives",1,0,0,0,1,0
"observers",1,0,0,0,1,0
"obtain",1,0,0,0,1,0
"october",1,0,0,0,1,0
"officials",2,7,1,2,1,0
"oficina",1,0,0,0,1,0
"often",1,0,0,0,1,0
"one",5,0,2,9,1,0
"ongoing",3,0,0,0,1,0
"open",1,1,0,0,1,0
"operating",3,0,0,0,1,0
"operation",1,0,0,0,1,1
"operations",2,0,0,0,1,0
"operative",1,0,0,0,1,0
"operatives",2,0,0,0,1,0
"orchestrated",1,0,0,0,1,0
"organizations",2,0,0,0,1,0
"originally",1,0,0,0,1,0
"ottolenghi",1,0,0,0,1,0
"outside",1,0,0,0,1,0
"owners",1,0,0,0,1,0
"page",2,0,0,0,1,0
"pain",1,0,0,0,1,0
"paraguay",2,0,0,0,1,0
"paraguayan",1,0,0,0,1,0
"paraguay’s",1,0,0,0,1,0
"part",4,0,1,0,1,0
"passed",1,0,0,0,1,0
"past",1,0,0,0,1,0
"patriot",1,0,0,0,1,0
"payments",1,0,0,0,1,0
"per",4,0,0,1,1,0
"personal",1,0,0,0,1,0
"place",1,0,1,3,1,0
"plus",2,0,0,0,1,0
"point",1,0,0,0,1,0
"points",1,0,0,0,1,0
"policy",7,2,1,0,1,0
"policy’s",2,0,0,0,1,0
"political",1,2,1,2,1,0
"politics",2,0,0,0,1,0
"pompeo",1,1,0,0,1,0
"portuguese",1,0,0,0,1,0
"pose",1,0,0,0,1,0
"preferably",1,0,0,0,1,0
"premium",10,0,0,0,1,0
"presence",1,0,1,0,1,0
"president",3,4,2,2,1,0
"press",3,0,0,2,1,0
"pressure",2,1,1,0,1,0
"previous",1,0,0,0,1,0
"previously",1,0,0,0,1,0
"primary",1,0,0,0,1,0
"print",2,0,0,0,1,0
"probes",1,0,0,0,1,0
"problem",1,0,0,2,1,0
"proceeding",1,0,0,0,1,0
"proceeds",1,0,0,0,1,0
"project",3,0,0,0,1,0
"proliferation",1,0,0,0,1,0
"promised",1,0,0,0,1,0
"prosecute",2,0,0,0,1,0
"prosecution",1,0,0,0,1,0
"prosecutions",2,0,0,0,1,0
"prosecutors",1,0,0,0,1,0
"prove",1,0,0,0,1,0
"provide",1,0,0,0,1,0
"provides",1,0,0,0,1,0
"proxy",1,0,0,0,1,0
"public",1,0,0,0,1,0
"punished",1,0,0,0,1,0
"push",1,0,0,0,1,0
"question",1,0,0,0,1,0
"rather",1,1,3,0,1,0
"read",1,0,0,0,1,0
"reader",2,0,0,0,1,0
"regarding",1,0,0,0,1,0
"regardless",1,0,0,0,1,0
"regime",1,0,0,0,1,0
"regional",1,1,0,0,1,0
"regularly",1,0,0,0,1,0
"reinforce",1,0,0,0,1,0
"relationship",1,0,0,0,1,0
"release",1,1,0,0,1,0
"reliable",1,0,0,0,1,0
"remaining",1,0,0,0,1,0
"remains",1,1,0,0,1,0
"removed",1,0,0,0,1,0
"repeatedly",1,0,1,0,1,0
"reportedly",1,0,0,0,1,0
"reporters",2,0,0,0,1,0
"reports",2,0,0,0,1,0
"research",2,0,0,0,1,0
"resell",1,0,0,0,1,0
"resources",2,0,0,0,1,0
"responsible",1,0,0,0,1,0
"result",1,0,0,0,1,0
"results",1,0,0,0,1,0
"retain",1,0,0,0,1,0
"revelations",1,0,0,0,1,0
"revenue",1,0,0,0,1,0
"review",2,0,0,0,1,0
"revoke",1,0,0,0,1,0
"robust",1,0,0,0,1,0
"role",1,0,0,0,1,0
"run",1,0,0,0,1,0
"sales",1,0,0,0,1,0
"sanctioned",6,0,0,0,1,0
"sanctions",9,4,3,0,1,0
"saudi",1,3,0,0,1,0
"says",1,0,1,0,1,0
"scandal",1,0,0,0,1,0
"scheme",1,0,0,0,1,0
"schemes",7,0,0,0,1,0
"second",1,0,0,7,1,0
"section",2,0,0,0,1,0
"security",2,3,0,0,1,0
"see",1,1,0,4,1,0
"seek",1,1,0,0,1,0
"senior",1,0,0,0,1,0
"serious",1,0,0,0,1,0
"seriously",1,0,0,0,1,0
"services",1,0,0,0,1,0
"shadowy",1,0,0,0,1,0
"sharing",1,0,0,0,1,0
"shinzo",1,1,0,0,1,0
"shop",1,0,0,0,1,0
"shortages",1,0,0,0,1,0
"shown",1,0,0,0,1,0
"sign",2,2,0,0,1,0
"significant",1,0,0,0,1,0
"since",1,2,2,1,1,0
"skills",1,0,0,0,1,0
"slow",1,0,0,0,1,0
"something",1,0,0,0,1,0
"sometimes",2,0,0,0,1,0
"soon",1,1,0,0,1,0
"sophistication”",1,0,0,0,1,0
"sought",1,0,0,0,1,0
"sources",4,0,0,0,1,0
"spain",1,0,0,0,1,0
"spanish",1,0,0,0,1,0
"special",4,0,0,5,1,0
"spiraling",1,0,0,0,1,0
"sponsored",1,0,0,0,1,0
"squeeze",1,0,0,0,1,0
"squeezing",1,0,0,0,1,0
"staff",1,0,0,0,1,0
"stand",1,1,0,0,1,0
"start",1,1,0,3,1,0
"starting",1,1,0,0,1,0
"state",1,2,2,2,1,0
"states",9,0,1,2,1,0
"status",1,0,0,0,1,0
"step",1,0,0,0,1,0
"still",6,0,0,0,1,0
"stop",1,0,1,0,1,0
"stories",2,0,0,0,1,0
"streams",1,0,0,0,1,0
"strike",1,0,0,0,1,0
"string",1,0,0,0,1,0
"study",1,0,0,0,1,0
"submitted",1,0,0,0,1,0
"subscribe",3,0,0,0,1,0
"subscriber",2,0,0,0,1,0
"subscribers",4,0,0,0,1,0
"subscription",2,0,0,0,1,0
"subsequent",1,0,0,0,1,0
"successfully",1,0,0,0,1,0
"sudan",1,0,0,0,1,0
"suffered",1,0,0,0,1,0
"sums",1,0,0,0,1,0
"suppliers",1,0,0,0,1,0
"supposedly",1,0,0,0,1,0
"sure",1,0,0,0,1,1
"survive",1,0,0,0,1,0
"syria",1,0,0,0,1,0
"system",3,0,0,0,1,0
"taboola",1,0,0,0,1,0
"taken",2,0,0,3,1,0
"target",2,0,0,0,1,0
"targeted",1,0,0,0,1,0
"targeting",3,0,0,0,1,0
"task",4,0,0,0,1,0
"tba",4,0,0,0,1,0
"tbabased",1,0,0,0,1,0
"tehran",3,8,2,0,1,0
"tehran’s",1,0,0,0,1,0
"tenure",1,0,0,0,1,0
"terminated",1,0,0,1,1,0
"terror",4,0,0,0,1,0
"terrorism",1,0,0,0,1,0
"terrorist",2,0,3,0,1,0
"thank",4,0,0,15,1,0
"thanks",1,0,0,0,1,0
"thinks",1,0,0,0,1,0
"third",1,0,0,0,1,0
"though",1,0,0,0,1,0
"threat",2,2,1,0,1,0
"threaten",1,0,0,0,1,0
"throughout",1,0,0,0,1,0
"ties",1,0,0,0,1,0
"today",3,0,1,0,1,0
"took",1,0,0,0,1,0
"top",1,0,0,0,1,0
"topics",2,0,0,0,1,0
"tough",1,0,0,3,1,0
"trade",1,2,0,4,1,0
"trading",1,0,0,0,1,0
"traffickers",1,0,0,0,1,0
"trafficking",2,0,0,0,1,0
"trail",1,0,0,0,1,0
"transactions",1,0,0,0,1,0
"transfers",1,0,0,0,1,0
"transnational",2,0,0,0,1,0
"traveling",1,0,0,0,1,0
"treasuretrove”",1,0,0,0,1,0
"treasury",6,0,0,0,1,0
"trending",2,0,0,0,1,0
"triborder",1,0,0,0,1,0
"true",2,0,0,1,1,0
"trump",9,7,3,2,1,0
"trump’s",2,1,0,0,1,0
"turn",2,1,1,0,1,0
"twitter",1,0,0,0,1,0
"two",2,1,0,1,1,0
"ultimately",1,0,0,0,1,0
"uncovered",1,0,0,0,1,0
"undermine",1,0,0,0,1,0
"unfinished",1,0,0,0,1,0
"united",9,1,2,2,1,0
"unleash",1,0,0,0,1,0
"unless",2,0,0,0,1,0
"unlikely",2,0,0,0,1,0
"unlimited",1,0,0,0,1,0
"updates",1,0,0,0,1,0
"upgrade",2,0,0,0,1,0
"usbased",1,0,0,0,1,0
"usdesignated",1,0,0,0,1,0
"use",1,0,0,0,1,0
"used",6,0,0,0,1,0
"useful",1,0,0,0,1,0
"using",1,0,0,0,1,0
"vacation",1,0,0,0,1,0
"vast",2,0,0,0,1,0
"vehicles",1,0,0,0,1,0
"venezuela",1,0,0,0,1,0
"venezuelan",2,0,0,0,1,0
"venezuela—",1,0,0,0,1,0
"vetoed",1,0,0,0,1,0
"violence",1,0,0,0,1,0
"visas",1,0,0,0,1,0
"visits",1,0,0,0,1,0
"voluntarily",1,0,0,0,1,0
"waging",1,0,0,0,1,0
"wait",1,0,0,0,1,0
"want",1,1,1,15,1,0
"war",1,2,3,0,1,0
"warrants",1,0,0,0,1,0
"washington",6,4,2,2,1,0
"way",3,0,1,3,1,0
"ways",1,0,0,0,1,0
"weekly",1,0,0,0,1,0
"well",4,0,0,9,1,0
"west",2,0,0,0,1,0
"western",1,0,0,0,1,0
"will",4,4,0,11,1,0
"within",1,2,0,0,1,0
"witness",1,0,0,0,1,0
"world—including",1,0,0,0,1,0
"year",1,1,1,0,1,0
"yearly",1,0,0,0,1,0
"years",1,0,0,0,1,0
"yet",3,0,0,1,1,0
"yielding",1,0,0,0,1,0
"zones",1,0,0,0,1,0
"“",2,0,0,0,1,0
"◀",1,0,0,0,1,0
"abbas",0,1,0,0,1,0
"abdrabbuh",0,1,0,0,1,0
"able",0,1,0,0,1,0
"accident",0,1,0,0,1,0
"acknowledges",0,1,0,0,1,0
"acted",0,1,0,0,1,0
"added",0,2,0,0,1,0
"adviser",0,1,0,0,1,0
"ago",0,1,0,0,1,0
"agree",0,1,0,0,1,0
"agreement",0,2,2,0,1,0
"aiming",0,1,0,0,1,0
"aircraft",0,1,0,0,1,0
"ali",0,1,1,0,1,0
"ally",0,1,0,0,1,0
"always",0,1,1,0,1,0
"applying",0,1,0,0,1,0
"appointed",0,1,0,0,1,0
"arab",0,1,0,0,1,0
"arabia",0,1,0,0,1,0
"araghchi",0,1,0,0,1,0
"assurance",0,1,0,0,1,0
"assurances",0,1,0,0,1,0
"atomic",0,1,1,0,1,0
"attack",0,4,0,0,1,0
"attacking",0,1,0,0,1,0
"attacks",0,1,0,0,1,0
"ayatollah",0,1,2,0,1,0
"backing",0,1,0,0,1,0
"ban",0,1,0,0,1,0
"barrels",0,1,0,0,1,0
"behind",0,1,0,0,1,0
"bolton",0,2,0,0,1,0
"break",0,1,0,0,1,0
"bring",0,1,0,1,1,0
"britain",0,3,0,0,1,0
"british",0,4,1,0,1,0
"broaden",0,2,0,0,1,0
"bst",0,2,0,0,1,0
"bulk",0,1,0,0,1,0
"capable",0,1,0,0,1,0
"capital",0,1,1,0,1,0
"carried",0,1,0,0,1,0
"carrier",0,1,0,0,1,0
"certainly”",0,1,0,0,1,0
"chance”",0,1,0,0,1,0
"charge",0,1,0,1,1,0
"china",0,1,0,6,1,0
"cities",0,2,0,0,1,0
"claimed",0,1,0,0,1,0
"clear",0,1,0,0,1,0
"close",0,2,0,1,1,0
"coast",0,1,0,0,1,0
"come",0,1,0,5,1,0
"compliance",0,1,1,0,1,0
"comprehensive",0,1,0,0,1,0
"conditions",0,1,0,0,1,0
"conflagration",0,1,0,0,1,0
"conflict",0,1,0,0,1,0
"confrontation",0,1,0,0,1,0
"contentious",0,1,0,0,1,0
"corps",0,1,0,0,1,0
"council",0,2,0,0,1,0
"counterparts",0,1,0,0,1,0
"country’s",0,2,0,0,1,0
"damage",0,1,0,0,1,0
"days",0,1,0,0,1,0
"deal",0,5,3,0,1,0
"debate",0,1,0,0,1,0
"declaration",0,1,0,0,1,0
"deem",0,1,0,0,1,0
"defeated",0,1,0,0,1,0
"delivered",0,1,0,0,1,0
"democrats",0,1,0,0,1,0
"denied",0,1,0,0,1,0
"dependent",0,1,0,0,1,0
"deputy",0,1,0,0,1,0
"determine",0,1,0,0,1,0
"deterrent",0,1,0,0,1,0
"developing",0,1,0,0,1,0
"diplomatic",0,2,0,0,1,0
"direct",0,2,0,0,1,0
"dollars",0,1,0,3,1,0
"drones",0,1,0,0,1,0
"ease",0,1,0,0,1,0
"east",0,1,0,0,1,0
"editor",0,1,0,0,1,0
"elected",0,1,0,0,1,0
"elections",0,1,0,0,1,0
"emirates",0,1,0,0,1,0
"empty",0,1,0,0,1,0
"endorsed",0,1,0,1,1,0
"energy",0,2,1,0,1,0
"especially",0,1,0,0,1,0
"europe",0,1,0,0,1,0
"evening",0,1,0,0,1,0
"export",0,1,0,0,1,0
"exports",0,2,1,0,1,0
"extra",0,1,0,0,1,0
"extremis",0,1,0,0,1,0
"failing",0,1,0,0,1,0
"fearing",0,1,0,0,1,0
"firms",0,1,0,0,1,0
"flak",0,1,0,0,1,0
"forgo",0,1,0,0,1,0
"four",0,1,0,0,1,0
"freshly",0,1,0,0,1,0
"fujairah",0,1,0,0,1,0
"fury",0,1,0,0,1,0
"good",0,1,0,6,1,0
"goodwill",0,1,0,0,1,0
"government",0,1,0,0,1,0
"guards",0,1,0,0,1,0
"hadi",0,1,0,0,1,0
"handle",0,1,0,1,1,0
"hardliner",0,1,0,0,1,0
"hassan",0,1,0,0,1,0
"history",0,1,0,1,1,0
"hold",0,3,0,0,1,0
"hopes",0,1,0,0,1,0
"hoping",0,1,0,0,1,0
"hormuz",0,1,0,0,1,0
"houthi",0,1,0,0,1,0
"houthis",0,2,0,0,1,0
"huge",0,1,0,0,1,0
"importer",0,1,0,0,1,0
"imports",0,1,0,0,1,0
"imposed",0,1,0,0,1,0
"incapable",0,1,0,0,1,0
"increasing",0,1,0,0,1,0
"increasingly",0,3,1,0,1,0
"india",0,1,0,0,1,0
"insist",0,1,0,1,1,0
"insolvency",0,2,0,0,1,0
"interview",0,1,1,0,1,0
"involvement",0,3,0,0,1,0
"iranian",0,8,1,0,1,0
"iranians",0,1,0,0,1,0
"iranians’",0,1,0,0,1,0
"iranianus",0,1,0,0,1,0
"irreversible",0,1,0,0,1,0
"islamic",0,2,1,0,1,0
"israel",0,1,0,0,1,0
"issue",0,1,0,0,1,0
"japan",0,3,0,2,1,0
"japanese",0,3,0,0,1,0
"javad",0,1,0,0,1,0
"jerusalem",0,1,0,0,1,0
"john",0,1,0,0,1,0
"joint",0,1,0,0,1,0
"jumpstart",0,1,0,0,1,0
"jun",0,2,0,0,1,0
"khamenei",0,1,1,0,1,0
"kingdom’s",0,1,0,0,1,0
"known",0,1,0,0,1,0
"largely",0,1,0,0,1,0
"launch",0,1,1,0,1,0
"lead",0,2,0,2,1,0
"leader",0,2,1,0,1,0
"levels",0,1,0,0,1,1
"lifeblood",0,1,0,0,1,0
"lifted",0,1,0,0,1,0
"long",0,1,0,0,1,0
"looking",0,1,0,0,1,0
"lower",0,1,0,0,1,0
"mandate",0,1,0,0,1,0
"mansur",0,1,0,0,1,0
"matter",0,1,0,2,1,0
"maximum",0,1,1,0,1,0
"meanwhile",0,1,0,0,1,0
"mediation",0,2,0,0,1,0
"meet",0,1,1,0,1,0
"messages",0,1,0,0,1,0
"met",0,1,0,1,1,0
"middle",0,1,0,0,1,0
"mike",0,1,0,0,1,0
"military",0,2,2,6,1,0
"minister",0,4,0,0,1,0
"minister’s",0,1,0,0,1,0
"modified",0,1,0,0,1,0
"moment",0,1,0,0,1,0
"morgan",0,1,0,0,1,0
"morning",0,1,0,2,1,0
"mossadsourced",0,1,0,0,1,0
"move",0,1,0,0,1,0
"negotiate",0,1,0,3,1,0
"nervous",0,2,0,0,1,0
"normally",0,1,0,0,1,0
"number",0,1,2,6,1,0
"odds",0,1,0,0,1,0
"offer",0,2,0,0,1,0
"oil",0,4,1,0,1,0
"pakistan",0,1,0,0,1,0
"patrick",0,1,0,0,1,0
"piers",0,1,0,0,1,0
"plan",0,2,0,1,1,0
"plans",0,1,0,0,1,0
"precondition",0,1,0,0,1,0
"preconditions",0,1,0,0,1,0
"prepared",0,1,0,0,1,0
"presidential",0,1,0,0,1,0
"president’s",0,1,0,0,1,0
"prime",0,3,0,0,1,0
"prisoners",0,1,0,0,1,0
"privately",0,1,0,0,1,0
"probably",0,1,1,0,1,0
"prospect",0,1,0,0,1,0
"protecting",0,1,0,0,1,0
"proved",0,1,0,0,1,0
"pulled",0,1,0,0,1,0
"puppet",0,1,0,0,1,0
"pushed",0,1,0,0,1,0
"put",0,2,0,2,1,0
"putting",0,1,0,0,1,0
"raised",0,1,0,0,1,0
"ratcheting",0,1,0,0,1,0
"reach",0,2,0,0,1,0
"reached",0,1,0,0,1,0
"rebels",0,2,0,0,1,0
"reciprocated",0,1,0,0,1,0
"recognise",0,1,0,0,1,0
"region",0,1,0,0,1,0
"region”",0,1,0,0,1,0
"remain",0,1,0,0,1,0
"resumed",0,1,0,0,1,0
"revolution",0,1,0,0,1,0
"revolutionary",0,1,1,0,1,0
"risk",0,1,0,0,1,0
"riyadh",0,1,0,0,1,0
"rouhani",0,2,0,0,1,0
"said",0,6,4,4,1,0
"saudis",0,1,0,0,1,0
"saw",0,1,0,0,1,0
"scheduled",0,1,0,0,1,0
"secretary",0,1,0,0,1,0
"seeking",0,2,0,0,1,0
"sending",0,1,1,0,1,0
"set",0,1,0,0,1,0
"setting",0,2,0,0,1,0
"settlement",0,1,0,0,1,0
"shipping",0,3,0,0,1,0
"shot",0,1,0,0,1,0
"sides",0,1,0,0,1,0
"simply",0,1,0,0,1,0
"situation",0,1,0,0,1,0
"six",0,1,0,0,1,0
"sophisticated",0,1,0,0,1,0
"steps",0,2,0,0,1,0
"straits",0,1,0,0,1,0
"support",0,1,0,1,1,0
"surrounding",0,1,0,0,1,0
"sweeping",0,1,0,0,1,0
"take",0,2,0,3,1,0
"takes",0,1,0,0,1,0
"taking",0,2,0,1,1,0
"talk",0,2,2,0,1,0
"talks",0,12,0,0,1,0
"talk”",0,1,0,0,1,0
"tanker",0,1,0,0,1,0
"tankers",0,1,0,0,1,0
"tells",0,1,0,0,1,0
"temperature",0,1,0,0,1,0
"tension",0,1,0,0,1,0
"tensions",0,2,0,0,1,0
"terms",0,3,0,0,1,0
"territory",0,1,0,0,1,0
"threeday",0,1,0,0,1,0
"times",0,1,0,0,1,0
"told",0,1,1,2,1,0
"toll",0,1,0,0,1,0
"tried",0,1,0,0,1,0
"trip",0,1,0,0,1,0
"troops",0,1,0,0,1,0
"try",0,1,0,0,1,0
"tuesday",0,1,1,0,1,0
"twoday",0,1,0,0,1,0
"understand",0,1,0,2,1,1
"unviable",0,1,0,0,1,0
"urging",0,1,0,0,1,0
"visit",0,4,1,0,1,0
"waiting",0,1,0,0,1,0
"wants",0,1,0,1,1,0
"warning",0,1,0,0,1,0
"wed",0,2,0,0,1,0
"wednesday",0,1,1,0,1,0
"week",0,4,1,2,1,0
"welcomed",0,1,0,0,1,0
"whether",0,2,0,4,1,0
"willing",0,4,0,0,1,0
"wintour",0,1,0,0,1,0
"without",0,1,0,0,1,0
"yemen",0,2,0,0,1,0
"zarif",0,1,0,0,1,0
"–",0,2,0,0,1,0
"“almost",0,1,0,0,1,0
"“unfortunately",0,1,0,0,1,0
"“’d",0,1,0,0,1,0
"“’s",0,1,0,0,1,0
"accord",0,0,1,0,1,0
"advertisement",0,0,3,0,1,0
"agencies",0,0,1,0,1,0
"agencyâ",0,0,1,0,1,0
"agreed",0,0,1,0,1,0
"anniversary",0,0,1,0,1,0
"archrivals",0,0,1,0,1,0
"beating",0,0,1,0,1,0
"blacklisted",0,0,1,0,1,0
"bolstered",0,0,1,0,1,0
"broadcast",0,0,1,0,1,0
"bullying",0,0,1,0,1,0
"called",0,0,1,0,1,0
"came",0,0,1,3,1,0
"chance",0,0,1,0,1,0
"commitments",0,0,1,0,1,0
"confirmed",0,0,1,0,1,0
"continued",0,0,1,0,1,0
"corpsâ",0,0,1,0,1,0
"countrys",0,0,1,0,1,0
"dealâ",0,0,1,0,1,0
"death",0,0,1,0,1,0
"demands",0,0,1,0,1,0
"drums",0,0,1,0,1,0
"enemys",0,0,1,0,1,0
"escalated",0,0,1,0,1,0
"escalateâ",0,0,1,0,1,0
"event",0,0,1,0,1,0
"excessive",0,0,1,0,1,0
"extremely",0,0,1,0,1,0
"fractious",0,0,1,0,1,0
"freefallâ",0,0,1,0,1,0
"friction",0,0,1,0,1,0
"frictions",0,0,1,0,1,0
"grand",0,0,1,0,1,0
"guard",0,0,1,0,1,0
"gulf",0,0,1,0,1,0
"himâ",0,0,1,0,1,0
"hostile",0,0,1,0,1,0
"irans",0,0,2,0,1,0
"iransâ",0,0,1,0,1,0
"itv",0,0,1,0,1,0
"jazeera",0,0,2,0,1,0
"khameneiâ",0,0,1,0,1,0
"khomeini",0,0,1,0,1,0
"kingdom",0,0,1,0,1,0
"landmark",0,0,1,0,1,0
"lifting",0,0,1,0,1,0
"listening",0,0,1,0,1,0
"markâ",0,0,1,0,1,0
"maybe",0,0,1,1,1,0
"media",0,0,2,0,1,0
"moved",0,0,1,0,1,0
"nation",0,0,2,3,1,0
"news",0,0,1,1,1,0
"offensive",0,0,1,0,1,0
"office",0,0,1,0,1,0
"possibility",0,0,1,0,1,0
"post",0,0,1,0,1,0
"pressureâ",0,0,1,0,1,0
"programme",0,0,1,0,1,0
"prompted",0,0,1,0,1,0
"published",0,0,1,0,1,0
"pulling",0,0,1,0,1,0
"punitive",0,0,1,0,1,0
"quarterlyâ",0,0,1,0,1,0
"receive",0,0,1,0,1,0
"recent",0,0,2,0,1,0
"refused",0,0,2,0,1,0
"reimposed",0,0,1,0,1,0
"relations",0,0,1,0,1,0
"relief",0,0,1,0,1,0
"report",0,0,1,0,1,0
"republic",0,0,1,0,1,0
"resisting",0,0,2,0,1,0
"response",0,0,2,0,1,0
"returns",0,0,1,0,1,0
"rolled",0,0,2,0,1,0
"ruhollah",0,0,1,0,1,0
"rule",0,0,1,0,1,0
"rumble",0,0,1,0,1,0
"scale",0,0,1,0,1,0
"source",0,0,1,0,1,0
"speaking",0,0,1,0,1,0
"speech",0,0,1,1,1,0
"standing",0,0,1,0,1,0
"station",0,0,1,0,1,0
"supreme",0,0,1,0,1,0
"television",0,0,2,0,1,0
"theres",0,0,1,2,1,0
"threatened",0,0,1,0,1,0
"thâ",0,0,1,0,1,0
"time",0,0,1,6,1,0
"titfortat",0,0,1,0,1,0
"trumps",0,0,2,0,1,0
"unleashed",0,0,1,0,1,0
"unspecified",0,0,1,0,1,0
"viennabased",0,0,1,0,1,0
"washingtontehran",0,0,1,0,1,0
"weeks",0,0,1,1,1,0
"white",0,0,1,0,1,0
"withdraw",0,0,1,0,1,0
"words",0,0,1,0,1,1
"world",0,0,2,4,1,0
"zero",0,0,1,0,1,0
"â©",0,0,1,0,1,0
"ï»¿",0,0,1,0,1,0
"absolutely",0,0,0,1,1,0
"abuse",0,0,0,1,1,0
"actually",0,0,0,1,1,0
"add",0,0,0,3,1,0
"ahead",0,0,0,1,1,0
"alabama",0,0,0,1,1,0
"amazing",0,0,0,4,1,0
"amendment",0,0,0,4,1,0
"announced",0,0,0,1,1,0
"anymore",0,0,0,4,1,0
"anywhere",0,0,0,2,1,0
"applause",0,0,0,7,1,0
"arenas",0,0,0,1,1,0
"atlanta",0,0,0,1,1,0
"away",0,0,0,2,1,0
"baby",0,0,0,1,1,0
"backed",0,0,0,1,1,0
"beat",0,0,0,1,1,0
"beautiful",0,0,0,3,1,0
"beginning",0,0,0,1,1,0
"believe",0,0,0,1,1,0
"best",0,0,0,2,1,0
"better",0,0,0,2,1,0
"big",0,0,0,6,1,0
"boost",0,0,0,1,1,0
"border",0,0,0,2,1,0
"bottom",0,0,0,1,1,0
"bringing",0,0,0,3,1,0
"build",0,0,0,2,1,0
"bureaucrats",0,0,0,1,1,0
"buying",0,0,0,1,1,0
"cameras",0,0,0,1,1,0
"candidates",0,0,0,3,1,0
"cant",0,0,0,5,1,0
"care",0,0,0,3,1,0
"carl",0,0,0,1,1,0
"carolina",0,0,0,7,1,0
"cherishes",0,0,0,1,1,0
"children",0,0,0,2,1,0
"comfort",0,0,0,1,1,0
"comment",0,0,0,1,1,0
"common",0,0,0,2,1,0
"congratulate",0,0,0,2,1,0
"congratulation",0,0,0,1,1,0
"congressmen",0,0,0,1,1,0
"core",0,0,0,2,1,0
"cost",0,0,0,1,1,0
"couple",0,0,0,1,1,0
"cover",0,0,0,1,1,0
"crowds",0,0,0,1,1,0
"dallas",0,0,0,1,1,0
"dead",0,0,0,1,1,0
"deeply",0,0,0,1,1,0
"deficit",0,0,0,1,1,0
"denmark",0,0,0,1,1,0
"different",0,0,0,1,1,0
"doesnt",0,0,0,2,1,0
"dollar",0,0,0,1,1,0
"don",0,0,0,1,1,0
"done",0,0,0,1,1,0
"donors",0,0,0,1,1,0
"dont",0,0,0,8,1,0
"drop",0,0,0,1,1,0
"dropped",0,0,0,1,1,0
"early",0,0,0,1,1,0
"easy",0,0,0,3,1,0
"educate",0,0,0,1,1,0
"education",0,0,0,3,1,0
"eight",0,0,0,1,1,0
"endorse",0,0,0,2,1,0
"endorsements",0,0,0,1,1,0
"equal",0,0,0,1,1,0
"equipment",0,0,0,5,1,0
"erik",0,0,0,1,1,0
"eventually",0,0,0,1,1,0
"ever",0,0,0,5,1,0
"every",0,0,0,3,1,0
"everybody",0,0,0,3,1,0
"everything",0,0,0,1,1,0
"exciting",0,0,0,1,1,0
"exist",0,0,0,1,1,0
"expect",0,0,0,1,1,0
"expensive",0,0,0,1,1,0
"fair",0,0,0,1,1,0
"family",0,0,0,6,1,0
"father",0,0,0,1,1,0
"fathers",0,0,0,1,1,0
"feet",0,0,0,1,1,0
"fellas",0,0,0,1,1,0
"fifty",0,0,0,2,1,0
"fill",0,0,0,1,1,0
"financially",0,0,0,1,1,0
"finished",0,0,0,1,1,0
"folks",0,0,0,4,1,0
"fool",0,0,0,1,1,0
"forget",0,0,0,6,1,0
"generals",0,0,0,1,1,0
"geniuses",0,0,0,2,1,0
"getting",0,0,0,4,1,0
"give",0,0,0,1,1,0
"gone",0,0,0,1,1,0
"gonna",0,0,0,1,1,0
"got",0,0,0,2,1,0
"gotten",0,0,0,1,1,0
"governor",0,0,0,3,1,0
"grateful",0,0,0,1,1,0
"great",0,0,0,14,1,0
"greater",0,0,0,2,1,0
"greatest",0,0,0,4,1,0
"guess",0,0,0,1,1,0
"hack",0,0,0,1,1,0
"hampshire",0,0,0,1,1,0
"happen",0,0,0,4,1,0
"happened",0,0,0,1,1,0
"hard",0,0,0,2,1,0
"health",0,0,0,1,1,0
"heap",0,0,0,1,1,0
"hell",0,0,0,1,1,0
"helped",0,0,0,1,1,0
"henry",0,0,0,1,1,0
"hes",0,0,0,2,1,0
"hispanics",0,0,0,3,1,0
"honestly",0,0,0,1,1,0
"hospital",0,0,0,1,1,0
"hundred",0,0,0,1,1,0
"husband",0,0,0,1,1,0
"icahn",0,0,0,1,1,0
"ill",0,0,0,1,1,0
"incompetent",0,0,0,1,1,0
"increases",0,0,0,1,1,0
"incredible",0,0,0,9,1,0
"incredibly",0,0,0,3,1,0
"insisted",0,0,0,1,1,0
"isis",0,0,0,1,1,0
"ivanka",0,0,0,3,1,0
"ive",0,0,0,4,1,0
"job",0,0,0,1,1,0
"jobs",0,0,0,3,1,0
"killing",0,0,0,2,1,0
"kind",0,0,0,1,1,0
"know",0,0,0,10,1,0
"leading",0,0,0,1,1,0
"lets",0,0,0,5,1,0
"level",0,0,0,1,1,0
"lieutenant",0,0,0,2,1,0
"literally",0,0,0,1,1,0
"lobbyists",0,0,0,1,1,0
"locally",0,0,0,1,1,0
"look",0,0,0,4,1,0
"lora",0,0,0,1,1,0
"lot",0,0,0,2,1,0
"loves",0,0,0,3,1,0
"making",0,0,0,2,1,0
"marco",0,0,0,1,1,0
"mean",0,0,0,2,1,0
"mess",0,0,0,1,1,0
"message",0,0,0,1,1,0
"mexico",0,0,0,9,1,0
"milania",0,0,0,2,1,0
"millions",0,0,0,3,1,0
"minds",0,0,0,1,1,0
"minute",0,0,0,1,1,0
"mobile",0,0,0,1,1,0
"momentum",0,0,0,1,1,0
"movement",0,0,0,3,1,0
"music",0,0,0,6,1,0
"nasty",0,0,0,1,1,0
"nevada",0,0,0,7,1,0
"never",0,0,0,5,1,0
"nice",0,0,0,2,1,0
"night",0,0,0,1,1,0
"nobody",0,0,0,1,1,0
"norway",0,0,0,1,1,0
"note",0,0,0,1,1,0
"nothing",0,0,0,2,1,0
"obamacare",0,0,0,3,1,0
"okay",0,0,0,2,1,0
"oklahoma",0,0,0,1,1,0
"others",0,0,0,1,1,0
"overall",0,0,0,1,1,0
"parents",0,0,0,1,1,0
"particular",0,0,0,2,1,0
"pay",0,0,0,5,1,0
"paying",0,0,0,1,1,0
"people",0,0,0,24,1,0
"percent",0,0,0,2,1,0
"police",0,0,0,3,1,0
"politicians",0,0,0,2,1,0
"poll",0,0,0,1,1,0
"potential",0,0,0,1,1,0
"powerful",0,0,0,1,1,0
"presidents",0,0,0,1,1,0
"process",0,0,0,1,1,0
"properly",0,0,0,1,1,0
"protect",0,0,0,1,1,0
"proud",0,0,0,1,1,0
"pundits",0,0,0,3,1,0
"pupal",0,0,0,1,1,0
"pupil",0,0,0,1,1,0
"quite",0,0,0,1,1,0
"ranked",0,0,0,1,1,0
"ready",0,0,0,1,1,0
"really",0,0,0,5,1,0
"reason",0,0,0,1,1,0
"recently",0,0,0,1,1,0
"remember",0,0,0,1,1,0
"repealed",0,0,0,1,1,0
"replaced",0,0,0,1,1,0
"representing",0,0,0,1,1,0
"resonates",0,0,0,1,1,0
"rid",0,0,0,2,1,0
"right",0,0,0,10,1,0
"rip",0,0,0,1,1,0
"room",0,0,0,2,1,0
"rooms",0,0,0,1,1,0
"running",0,0,0,1,1,0
"sasa",0,0,0,1,1,0
"say",0,0,0,8,1,0
"saying",0,0,0,1,1,0
"scores",0,0,0,1,1,0
"sec",0,0,0,2,1,0
"seen",0,0,0,1,1,0
"selffunding",0,0,0,1,1,0
"sells",0,0,0,1,1,0
"senators",0,0,0,1,1,0
"send",0,0,0,1,1,0
"sent",0,0,0,1,1,0
"single",0,0,0,1,1,0
"smaller",0,0,0,1,1,0
"soldiers",0,0,0,1,1,0
"south",0,0,0,7,1,0
"speeches",0,0,0,2,1,0
"spend",0,0,0,2,1,0
"stops",0,0,0,1,1,0
"story",0,0,0,1,1,0
"strong",0,0,0,1,1,0
"sudden",0,0,0,1,1,0
"sweden",0,0,0,1,1,0
"taller",0,0,0,1,1,0
"teachers",0,0,0,1,1,0
"ted",0,0,0,1,1,0
"tell",0,0,0,2,1,0
"telling",0,0,0,1,1,0
"terminate",0,0,0,1,1,0
"terribly",0,0,0,1,1,0
"terrific",0,0,0,2,1,0
"texas",0,0,0,1,1,0
"thanking",0,0,0,1,1,0
"thats",0,0,0,7,1,0
"theft",0,0,0,1,1,0
"theme",0,0,0,5,1,0
"theyre",0,0,0,8,1,0
"theyve",0,0,0,4,1,0
"thing",0,0,0,2,1,0
"think",0,0,0,5,1,0
"thousands",0,0,0,3,1,0
"tiffany",0,0,0,1,1,0
"together",0,0,0,3,1,0
"tomorrow",0,0,0,3,1,0
"tonight",0,0,0,1,1,0
"trapp",0,0,0,1,1,0
"travel",0,0,0,1,1,0
"treated",0,0,0,2,1,0
"twice",0,0,0,1,1,0
"unbelievable",0,0,0,1,1,0
"upstairs",0,0,0,1,1,0
"vanessa",0,0,0,1,1,0
"veterans",0,0,0,1,1,0
"vets",0,0,0,2,1,0
"vicious",0,0,0,1,1,0
"vietnam",0,0,0,1,1,0
"volunteers",0,0,0,4,1,0
"votes",0,0,0,1,1,0
"wall",0,0,0,9,1,0
"walls",0,0,0,1,1,0
"watching",0,0,0,4,1,0
"went",0,0,0,2,1,0
"weve",0,0,0,2,1,0
"whatever",0,0,0,1,1,0
"whats",0,0,0,2,1,0
"whole",0,0,0,1,1,0
"whos",0,0,0,1,1,0
"win",0,0,0,6,1,0
"winning",0,0,0,1,1,0
"women",0,0,0,1,1,0
"wonderful",0,0,0,2,1,0
"word",0,0,0,1,1,0
"work",0,0,0,1,1,0
"worker",0,0,0,1,1,0
"working",0,0,0,3,1,0
"worry",0,0,0,1,1,0
"wrong",0,0,0,1,1,0
"yes",0,0,0,1,1,0
"youre",0,0,0,2,1,0
"abatement",0,0,0,0,1,0
"academy",0,0,0,0,1,0
"accomplish",0,0,0,0,1,0
"actively",0,0,0,0,1,0
"acumen",0,0,0,0,1,0
"admirals",0,0,0,0,1,0
"admit",0,0,0,0,1,0
"ads",0,0,0,0,1,0
"adventure",0,0,0,0,1,0
"aesxword",0,0,0,0,1,1
"africanamerican",0,0,0,0,1,0
"afternoon",0,0,0,0,1,0
"airconditioned",0,0,0,0,1,0
"airplane",0,0,0,0,1,0
"albany",0,0,0,0,1,0
"alderaan",0,0,0,0,1,0
"aliens",0,0,0,0,1,0
"align",0,0,0,0,1,1
"allegra",0,0,0,0,1,0
"allowed",0,0,0,0,1,0
"allows",0,0,0,0,1,0
"along",0,0,0,0,1,0
"alternatives",0,0,0,0,1,0
"americans",0,0,0,0,1,0
"angan",0,0,0,0,1,0
"angry",0,0,0,0,1,0
"animal",0,0,0,0,1,0
"announcing",0,0,0,0,1,0
"anonymous",0,0,0,0,1,0
"anybody",0,0,0,0,1,0
"anyones",0,0,0,0,1,0
"anything",0,0,0,0,1,0
"anyway",0,0,0,0,1,0
"apart",0,0,0,0,1,0
"apartment",0,0,0,0,1,0
"apologize",0,0,0,0,1,0
"apply",0,0,0,0,1,0
"appoint",0,0,0,0,1,0
"appreciate",0,0,0,0,1,0
"approach",0,0,0,0,1,0
"approval",0,0,0,0,1,0
"approved",0,0,0,0,1,0
"arena",0,0,0,0,1,0
"arm",0,0,0,0,1,0
"arpaio",0,0,0,0,1,0
"asap",0,0,0,0,1,0
"asdataframecbinddwordasnumericddoc",0,0,0,0,1,1
"asdataframew",0,0,0,0,1,2
"ash",0,0,0,0,1,0
"ask",0,0,0,0,1,0
"asked",0,0,0,0,1,0
"asking",0,0,0,0,1,0
"asleep",0,0,0,0,1,0
"asmatrixtdm",0,0,0,0,1,1
"assassination",0,0,0,0,1,0
"assume",0,0,0,0,1,0
"asylum",0,0,0,0,1,0
"attorney",0,0,0,0,1,0
"auburn",0,0,0,0,1,0
"audience",0,0,0,0,1,0
"auto",0,0,0,0,1,0
"automobile",0,0,0,0,1,0
"automotive",0,0,0,0,1,0
"award",0,0,0,0,1,0
"awards",0,0,0,0,1,0
"badly",0,0,0,0,1,0
"ball",0,0,0,0,1,0
"ballot",0,0,0,0,1,0
"banks",0,0,0,0,1,0
"baraka",0,0,0,0,1,0
"baseball",0,0,0,0,1,0
"based",0,0,0,0,1,0
"basisres",0,0,0,0,1,1
"beads",0,0,0,0,1,0
"bears",0,0,0,0,1,0
"became",0,0,0,0,1,0
"become",0,0,0,0,1,0
"bed",0,0,0,0,1,0
"beds",0,0,0,0,1,0
"believes",0,0,0,0,1,0
"bell",0,0,0,0,1,0
"bella",0,0,0,0,1,0
"ben",0,0,0,0,1,0
"benarjee",0,0,0,0,1,0
"bent",0,0,0,0,1,0
"bernie",0,0,0,0,1,0
"bernies",0,0,0,0,1,0
"bet",0,0,0,0,1,0
"bethpage",0,0,0,0,1,0
"beyond",0,0,0,0,1,0
"bible",0,0,0,0,1,0
"bigger",0,0,0,0,1,0
"biggest",0,0,0,0,1,0
"bill",0,0,0,0,1,0
"billy",0,0,0,0,1,0
"bird",0,0,0,0,1,0
"birdie",0,0,0,0,1,0
"birthday",0,0,0,0,1,0
"bit",0,0,0,0,1,0
"bless",0,0,0,0,1,0
"blessed",0,0,0,0,1,0
"board",0,0,0,0,1,0
"boars",0,0,0,0,1,0
"boeing",0,0,0,0,1,0
"bomb",0,0,0,0,1,0
"books",0,0,0,0,1,0
"booth",0,0,0,0,1,0
"borders",0,0,0,0,1,0
"boring",0,0,0,0,1,0
"bought",0,0,0,0,1,0
"bowtique",0,0,0,0,1,0
"box",0,0,0,0,1,0
"boxes",0,0,0,0,1,0
"boy",0,0,0,0,1,0
"brady",0,0,0,0,1,0
"brain",0,0,0,0,1,0
"branch",0,0,0,0,1,0
"bread",0,0,0,0,1,0
"bridge",0,0,0,0,1,0
"bridgeport",0,0,0,0,1,0
"bridgewater",0,0,0,0,1,0
"bright",0,0,0,0,1,0
"brilliant",0,0,0,0,1,0
"broken",0,0,0,0,1,0
"brother",0,0,0,0,1,0
"brought",0,0,0,0,1,0
"building",0,0,0,0,1,0
"buildings",0,0,0,0,1,0
"builds",0,0,0,0,1,0
"bunch",0,0,0,0,1,0
"bunnies",0,0,0,0,1,0
"burning",0,0,0,0,1,0
"bush",0,0,0,0,1,0
"businessman",0,0,0,0,1,0
"busy",0,0,0,0,1,0
"cable",0,0,0,0,1,0
"cages",0,0,0,0,1,0
"california",0,0,0,0,1,0
"call",0,0,0,0,1,0
"cancel",0,0,0,0,1,0
"candidate",0,0,0,0,1,0
"candy",0,0,0,0,1,0
"cared",0,0,0,0,1,0
"career",0,0,0,0,1,0
"carson",0,0,0,0,1,0
"carsons",0,0,0,0,1,0
"cartel",0,0,0,0,1,0
"cases",0,0,0,0,1,0
"casing",0,0,0,0,1,0
"cast",0,0,0,0,1,0
"castile",0,0,0,0,1,0
"catch",0,0,0,0,1,0
"category",0,0,0,0,1,0
"caught",0,0,0,0,1,0
"caused",0,0,0,0,1,0
"cdocdocdoctotalword",0,0,0,0,1,0
"cdocdocdocword",0,0,0,0,1,0
"cdoctotalword",0,0,0,0,1,1
"cdocword",0,0,0,0,1,1
"cells",0,0,0,0,1,0
"centers",0,0,0,0,1,0
"certainly",0,0,0,0,1,0
"chained",0,0,0,0,1,0
"change",0,0,0,0,1,0
"chapter",0,0,0,0,1,0
"characters",0,0,0,0,1,0
"charlie",0,0,0,0,1,0
"check",0,0,0,0,1,0
"chicago",0,0,0,0,1,0
"child",0,0,0,0,1,0
"chinese",0,0,0,0,1,0
"choice",0,0,0,0,1,0
"chopping",0,0,0,0,1,0
"chris",0,0,0,0,1,0
"christy",0,0,0,0,1,0
"chrysler",0,0,0,0,1,0
"chuck",0,0,0,0,1,0
"citizen",0,0,0,0,1,0
"citizens",0,0,0,0,1,0
"city",0,0,0,0,1,0
"class",0,0,0,0,1,0
"clinton",0,0,0,0,1,0
"clintons",0,0,0,0,1,0
"closing",0,0,0,0,1,0
"clue",0,0,0,0,1,0
"cname",0,0,0,0,1,1
"coffee",0,0,0,0,1,0
"college",0,0,0,0,1,0
"colnamesdf",0,0,0,0,1,2
"colnameswordmatrix",0,0,0,0,1,1
"colorgrey",0,0,0,0,1,1
"comes",0,0,0,0,1,0
"command",0,0,0,0,1,0
"committed",0,0,0,0,1,0
"communication",0,0,0,0,1,0
"communities",0,0,0,0,1,0
"compilation",0,0,0,0,1,0
"complete",0,0,0,0,1,0
"completely",0,0,0,0,1,0
"concept",0,0,0,0,1,0
"condition",0,0,0,0,1,0
"condos",0,0,0,0,1,0
"connect",0,0,0,0,1,0
"connecticut",0,0,0,0,1,0
"consequences",0,0,0,0,1,0
"consider",0,0,0,0,1,0
"constitution",0,0,0,0,1,0
"construction",0,0,0,0,1,0
"consulting",0,0,0,0,1,0
"contenttransformerfunctionx",0,0,0,0,1,1
"contenttransformertolower",0,0,0,0,1,1
"contract",0,0,0,0,1,0
"contras",0,0,0,0,1,0
"control",0,0,0,0,1,0
"controlled",0,0,0,0,1,0
"convention",0,0,0,0,1,0
"conversations",0,0,0,0,1,0
"convert",0,0,0,0,1,1
"coordflip",0,0,0,0,1,1
"cope",0,0,0,0,1,0
"corner",0,0,0,0,1,0
"corpus",0,0,0,0,1,1
"corpusdirsourcecname",0,0,0,0,1,1
"corrected",0,0,0,0,1,0
"corrupt",0,0,0,0,1,0
"corruption",0,0,0,0,1,0
"couldnt",0,0,0,0,1,0
"county",0,0,0,0,1,0
"course",0,0,0,0,1,0
"court",0,0,0,0,1,0
"cousin",0,0,0,0,1,0
"covered",0,0,0,0,1,0
"crack",0,0,0,0,1,0
"crazy",0,0,0,0,1,0
"creation",0,0,0,0,1,0
"cried",0,0,0,0,1,0
"crooked",0,0,0,0,1,0
"crossroads",0,0,0,0,1,0
"crowd",0,0,0,0,1,0
"cruise",0,0,0,0,1,0
"cruises",0,0,0,0,1,0
"cruising",0,0,0,0,1,0
"crushed",0,0,0,0,1,0
"cruz",0,0,0,0,1,0
"csv",0,0,0,0,1,1
"cup",0,0,0,0,1,0
"currency",0,0,0,0,1,0
"cuz",0,0,0,0,1,0
"cwordfrequency",0,0,0,0,1,1
"dakota",0,0,0,0,1,0
"damn",0,0,0,0,1,0
"dangerous",0,0,0,0,1,0
"dark",0,0,0,0,1,0
"darling",0,0,0,0,1,0
"daughter",0,0,0,0,1,0
"david",0,0,0,0,1,0
"dealers",0,0,0,0,1,0
"dealing",0,0,0,0,1,0
"deals",0,0,0,0,1,0
"debated",0,0,0,0,1,0
"debater",0,0,0,0,1,0
"debates",0,0,0,0,1,0
"debt",0,0,0,0,1,0
"decided",0,0,0,0,1,0
"decimated",0,0,0,0,1,0
"declined",0,0,0,0,1,0
"deductibles",0,0,0,0,1,0
"defend",0,0,0,0,1,0
"delaware",0,0,0,0,1,0
"delegate",0,0,0,0,1,0
"delegates",0,0,0,0,1,0
"delete",0,0,0,0,1,0
"deliver",0,0,0,0,1,0
"delphi",0,0,0,0,1,0
"demeanor",0,0,0,0,1,0
"depends",0,0,0,0,1,0
"depleted",0,0,0,0,1,0
"deport",0,0,0,0,1,0
"deported",0,0,0,0,1,0
"desktop",0,0,0,0,1,3
"destabilize",0,0,0,0,1,0
"destroy",0,0,0,0,1,0
"detectors",0,0,0,0,1,0
"detroit",0,0,0,0,1,0
"dforderdftotal",0,0,0,0,1,1
"dftotal",0,0,0,0,1,1
"dfword",0,0,0,0,1,1
"dfwordorderdffrequency",0,0,0,0,1,1
"dfwordrownamesdf",0,0,0,0,1,1
"diamond",0,0,0,0,1,0
"dice",0,0,0,0,1,0
"didnt",0,0,0,0,1,0
"die",0,0,0,0,1,0
"difficult",0,0,0,0,1,0
"dimm",0,0,0,0,1,1
"dimw",0,0,0,0,1,1
"dining",0,0,0,0,1,0
"dinner",0,0,0,0,1,0
"dircname",0,0,0,0,1,1
"direction",0,0,0,0,1,0
"directly",0,0,0,0,1,0
"dirty",0,0,0,0,1,0
"dis",0,0,0,0,1,0
"disaster",0,0,0,0,1,0
"discovered",0,0,0,0,1,0
"disgusting",0,0,0,0,1,0
"dishonest",0,0,0,0,1,0
"dishonesty",0,0,0,0,1,0
"dislike",0,0,0,0,1,0
"dismantle",0,0,0,0,1,0
"disoriented",0,0,0,0,1,0
"ditch",0,0,0,0,1,0
"divided",0,0,0,0,1,0
"divorced",0,0,0,0,1,0
"docs",0,0,0,0,1,9
"doctors",0,0,0,0,1,0
"documenttermmatrixdocs",0,0,0,0,1,1
"dosage",0,0,0,0,1,0
"double",0,0,0,0,1,0
"doubledigit",0,0,0,0,1,0
"dragged",0,0,0,0,1,0
"dragons",0,0,0,0,1,0
"drain",0,0,0,0,1,0
"draw",0,0,0,0,1,0
"dream",0,0,0,0,1,0
"dreamed",0,0,0,0,1,0
"dreams",0,0,0,0,1,0
"dressed",0,0,0,0,1,0
"drink",0,0,0,0,1,0
"dropping",0,0,0,0,1,0
"drowning",0,0,0,0,1,0
"drudge",0,0,0,0,1,0
"drugs",0,0,0,0,1,0
"drunk",0,0,0,0,1,0
"dtm",0,0,0,0,1,2
"dtxtdtxtdtxtspeechtxtspeechtxtspeechtxttdmcsvtextmrr",0,0,0,0,1,0
"dtxtdtxtdtxtspeechtxttdmcsvtextmrr",0,0,0,0,2,0
"dummies",0,0,0,0,1,0
"dying",0,0,0,0,1,0
"earn",0,0,0,0,1,0
"easier",0,0,0,0,1,0
"easiest",0,0,0,0,1,0
"easily",0,0,0,0,1,0
"easterwood",0,0,0,0,1,0
"eat",0,0,0,0,1,0
"edged",0,0,0,0,1,0
"editing",0,0,0,0,1,0
"educational",0,0,0,0,1,0
"effect",0,0,0,0,1,0
"eighteen",0,0,0,0,1,0
"eighty",0,0,0,0,1,0
"eightynine",0,0,0,0,1,0
"elect",0,0,0,0,1,0
"election",0,0,0,0,1,0
"electric",0,0,0,0,1,0
"elements",0,0,0,0,1,0
"eliminate",0,0,0,0,1,0
"else",0,0,0,0,1,0
"elysium",0,0,0,0,1,0
"emily",0,0,0,0,1,0
"employed",0,0,0,0,1,0
"encouraging",0,0,0,0,1,0
"end",0,0,0,0,1,0
"endorsement",0,0,0,0,1,0
"ends",0,0,0,0,1,0
"enemies",0,0,0,0,1,0
"enjoy",0,0,0,0,1,0
"entered",0,0,0,0,1,0
"enthused",0,0,0,0,1,0
"enthusiasm",0,0,0,0,1,0
"entirely",0,0,0,0,1,0
"epitomized",0,0,0,0,1,0
"equipped",0,0,0,0,1,0
"errand",0,0,0,0,1,0
"essentially",0,0,0,0,1,0
"establishment",0,0,0,0,1,0
"evacuation",0,0,0,0,1,0
"evancho",0,0,0,0,1,0
"evangelicals",0,0,0,0,1,0
"everybodys",0,0,0,0,1,0
"everyone",0,0,0,0,1,0
"everyones",0,0,0,0,1,0
"exactly",0,0,0,0,1,0
"excellence",0,0,0,0,1,0
"except",0,0,0,0,1,0
"executive",0,0,0,0,1,0
"executives",0,0,0,0,1,0
"exercise",0,0,0,0,1,0
"expansion",0,0,0,0,1,0
"experience",0,0,0,0,1,0
"explain",0,0,0,0,1,0
"expression",0,0,0,0,1,0
"extremism",0,0,0,0,1,0
"faces",0,0,0,0,1,0
"factor",0,0,0,0,1,1
"factordfword",0,0,0,0,1,1
"factories",0,0,0,0,1,0
"factorization",0,0,0,0,1,1
"factory",0,0,0,0,1,0
"fall",0,0,0,0,1,0
"falling",0,0,0,0,1,0
"falls",0,0,0,0,1,0
"fantastic",0,0,0,0,1,0
"fantastically",0,0,0,0,1,0
"fast",0,0,0,0,1,0
"fault",0,0,0,0,1,0
"feature",0,0,0,0,1,1
"federal",0,0,0,0,1,0
"feel",0,0,0,0,1,0
"felt",0,0,0,0,1,0
"fest",0,0,0,0,1,0
"fiftyfive",0,0,0,0,1,0
"fighter",0,0,0,0,1,0
"fighters",0,0,0,0,1,0
"fighting",0,0,0,0,1,0
"file",0,0,0,0,1,4
"filepath",0,0,0,0,1,1
"files",0,0,0,0,1,1
"filllightgreen",0,0,0,0,1,1
"film",0,0,0,0,1,0
"final",0,0,0,0,1,0
"find",0,0,0,0,1,0
"fine",0,0,0,0,1,0
"fire",0,0,0,0,1,0
"firsthand",0,0,0,0,1,0
"fit",0,0,0,0,1,0
"fix",0,0,0,0,1,0
"fixed",0,0,0,0,1,0
"flawed",0,0,0,0,1,0
"fled",0,0,0,0,1,0
"fleeing",0,0,0,0,1,0
"flint",0,0,0,0,1,0
"flood",0,0,0,0,1,0
"florida",0,0,0,0,1,0
"focus",0,0,0,0,1,0
"focusing",0,0,0,0,1,0
"foes",0,0,0,0,1,0
"follow",0,0,0,0,1,0
"football",0,0,0,0,1,0
"ford",0,0,0,0,1,0
"foreigners",0,0,0,0,1,0
"forgotten",0,0,0,0,1,0
"form",0,0,0,0,1,0
"fortune",0,0,0,0,1,0
"forty",0,0,0,0,1,0
"found",0,0,0,0,1,0
"francisco",0,0,0,0,1,0
"franklin",0,0,0,0,1,0
"friday",0,0,0,0,1,0
"friend",0,0,0,0,1,0
"friends",0,0,0,0,1,0
"friendships",0,0,0,0,1,0
"front",0,0,0,0,1,0
"fte",0,0,0,0,1,0
"full",0,0,0,0,1,0
"fun",0,0,0,0,1,0
"funding",0,0,0,0,1,0
"funny",0,0,0,0,1,0
"future",0,0,0,0,1,0
"game",0,0,0,0,1,0
"games",0,0,0,0,1,0
"gang",0,0,0,0,1,0
"gathers",0,0,0,0,1,0
"gave",0,0,0,0,1,0
"gender",0,0,0,0,1,0
"general",0,0,0,0,1,0
"generations",0,0,0,0,1,0
"genetic",0,0,0,0,1,0
"geombarstatidentity",0,0,0,0,1,1
"germany",0,0,0,0,1,0
"gets",0,0,0,0,1,0
"ggplot",0,0,0,0,1,1
"ggplotdf",0,0,0,0,1,1
"ggtitletopic",0,0,0,0,1,1
"giuliani",0,0,0,0,1,0
"gives",0,0,0,0,1,0
"glove",0,0,0,0,1,0
"god",0,0,0,0,1,0
"goes",0,0,0,0,1,0
"gold",0,0,0,0,1,0
"golf",0,0,0,0,1,0
"goodness",0,0,0,0,1,0
"gorgeous",0,0,0,0,1,0
"governors",0,0,0,0,1,0
"graham",0,0,0,0,1,0
"grahams",0,0,0,0,1,0
"granted",0,0,0,0,1,0
"greatness",0,0,0,0,1,0
"greats",0,0,0,0,1,0
"greet",0,0,0,0,1,0
"gregs",0,0,0,0,1,0
"grew",0,0,0,0,1,0
"gross",0,0,0,0,1,0
"gsf",0,0,0,0,1,0
"gsubpattern",0,0,0,0,1,1
"gun",0,0,0,0,1,0
"gutted",0,0,0,0,1,0
"guy",0,0,0,0,1,0
"guys",0,0,0,0,1,0
"hacks",0,0,0,0,1,0
"haha",0,0,0,0,1,0
"half",0,0,0,0,1,0
"hand",0,0,0,0,1,0
"hangar",0,0,0,0,1,0
"happening",0,0,0,0,1,0
"happens",0,0,0,0,1,0
"happy",0,0,0,0,1,0
"harder",0,0,0,0,1,0
"harrowing",0,0,0,0,1,0
"harsh",0,0,0,0,1,0
"hate",0,0,0,0,1,0
"hater",0,0,0,0,1,0
"hatred",0,0,0,0,1,0
"havens",0,0,0,0,1,0
"havent",0,0,0,0,1,0
"head",0,0,0,0,1,0
"headdf",0,0,0,0,1,2
"headm",0,0,0,0,1,1
"headnewdata",0,0,0,0,1,1
"headphone",0,0,0,0,1,0
"heads",0,0,0,0,1,0
"healthcare",0,0,0,0,1,0
"healthy",0,0,0,0,1,0
"hear",0,0,0,0,1,0
"heard",0,0,0,0,1,0
"hearing",0,0,0,0,1,0
"hearts",0,0,0,0,1,0
"heavily",0,0,0,0,1,0
"heres",0,0,0,0,1,0
"heroine",0,0,0,0,1,0
"hey",0,0,0,0,1,0
"highest",0,0,0,0,1,0
"highway",0,0,0,0,1,0
"hike",0,0,0,0,1,0
"hilary",0,0,0,0,1,0
"hillary",0,0,0,0,1,0
"hills",0,0,0,0,1,0
"hispanic",0,0,0,0,1,0
"historic",0,0,0,0,1,0
"hit",0,0,0,0,1,0
"home",0,0,0,0,1,0
"honesty",0,0,0,0,1,0
"honor",0,0,0,0,1,0
"honored",0,0,0,0,1,0
"hook",0,0,0,0,1,0
"horrible",0,0,0,0,1,0
"horribly",0,0,0,0,1,0
"horror",0,0,0,0,1,0
"horse",0,0,0,0,1,0
"hour",0,0,0,0,1,0
"hours",0,0,0,0,1,0
"household",0,0,0,0,1,0
"hugs",0,0,0,0,1,0
"hundredperson",0,0,0,0,1,0
"ideally",0,0,0,0,1,0
"ignored",0,0,0,0,1,0
"illegal",0,0,0,0,1,0
"illegally",0,0,0,0,1,0
"imagine",0,0,0,0,1,0
"immediately",0,0,0,0,1,0
"immigrant",0,0,0,0,1,0
"immigrants",0,0,0,0,1,0
"immigration",0,0,0,0,1,0
"impervious",0,0,0,0,1,0
"import",0,0,0,0,1,0
"impossible",0,0,0,0,1,0
"incident",0,0,0,0,1,0
"incompetents",0,0,0,0,1,0
"increase",0,0,0,0,1,0
"independence",0,0,0,0,1,0
"indiana",0,0,0,0,1,0
"industry",0,0,0,0,1,0
"ineffective",0,0,0,0,1,0
"inner",0,0,0,0,1,0
"innovator",0,0,0,0,1,0
"insect",0,0,0,0,1,0
"inspectdocs",0,0,0,0,1,1
"interest",0,0,0,0,1,0
"interesting",0,0,0,0,1,0
"interrupt",0,0,0,0,1,0
"introduced",0,0,0,0,1,0
"involved",0,0,0,0,1,0
"involving",0,0,0,0,1,0
"iowa",0,0,0,0,1,0
"iraq",0,0,0,0,1,0
"island",0,0,0,0,1,0
"isnt",0,0,0,0,1,0
"issues",0,0,0,0,1,0
"jack",0,0,0,0,1,0
"jail",0,0,0,0,1,0
"jason",0,0,0,0,1,0
"jeb",0,0,0,0,1,0
"jeff",0,0,0,0,1,0
"jess",0,0,0,0,1,0
"jim",0,0,0,0,1,0
"jobkilling",0,0,0,0,1,0
"joe",0,0,0,0,1,0
"join",0,0,0,0,1,0
"joining",0,0,0,0,1,0
"judge",0,0,0,0,1,0
"judgment",0,0,0,0,1,0
"jump",0,0,0,0,1,0
"jumping",0,0,0,0,1,0
"jumps",0,0,0,0,1,0
"june",0,0,0,0,1,0
"justices",0,0,0,0,1,0
"justin",0,0,0,0,1,0
"kaine",0,0,0,0,1,0
"kappa",0,0,0,0,1,0
"karl",0,0,0,0,1,0
"kate",0,0,0,0,1,0
"keep",0,0,0,0,1,0
"kennedy",0,0,0,0,1,0
"kentucky",0,0,0,0,1,0
"kept",0,0,0,0,1,0
"kerr",0,0,0,0,1,0
"kids",0,0,0,0,1,0
"kill",0,0,0,0,1,0
"kinds",0,0,0,0,1,0
"knew",0,0,0,0,1,0
"knocked",0,0,0,0,1,0
"knowledge",0,0,0,0,1,0
"knows",0,0,0,0,1,0
"lady",0,0,0,0,1,0
"laid",0,0,0,0,1,0
"lakers",0,0,0,0,1,0
"lakes",0,0,0,0,1,0
"landslides",0,0,0,0,1,0
"lane",0,0,0,0,1,0
"large",0,0,0,0,1,0
"larger",0,0,0,0,1,0
"late",0,0,0,0,1,0
"law",0,0,0,0,1,0
"leadership",0,0,0,0,1,0
"leads",0,0,0,0,1,0
"least",0,0,0,0,1,0
"leaving",0,0,0,0,1,0
"left",0,0,0,0,1,0
"leg",0,0,0,0,1,0
"lengthdircname",0,0,0,0,1,1
"let",0,0,0,0,1,0
"letters",0,0,0,0,1,0
"liar",0,0,0,0,1,0
"liberty",0,0,0,0,1,0
"lie",0,0,0,0,1,0
"lied",0,0,0,0,1,0
"lies",0,0,0,0,1,0
"life",0,0,0,0,1,0
"lifetime",0,0,0,0,1,0
"light",0,0,0,0,1,0
"liked",0,0,0,0,1,0
"likes",0,0,0,0,1,0
"lilies",0,0,0,0,1,0
"lily",0,0,0,0,1,0
"line",0,0,0,0,1,0
"lines",0,0,0,0,1,0
"lingo",0,0,0,0,1,0
"lining",0,0,0,0,1,0
"lions",0,0,0,0,1,0
"list",0,0,0,0,1,0
"listen",0,0,0,0,1,0
"lived",0,0,0,0,1,0
"living",0,0,0,0,1,0
"loaf",0,0,0,0,1,0
"location",0,0,0,0,1,2
"longer",0,0,0,0,1,0
"looks",0,0,0,0,1,0
"lose",0,0,0,0,1,0
"losing",0,0,0,0,1,0
"lotta",0,0,0,0,1,0
"louise",0,0,0,0,1,0
"louisiana",0,0,0,0,1,0
"loved",0,0,0,0,1,0
"lovely",0,0,0,0,1,0
"low",0,0,0,0,1,0
"loyal",0,0,0,0,1,0
"lucia",0,0,0,0,1,0
"luck",0,0,0,0,1,0
"luncheon",0,0,0,0,1,0
"lurkers",0,0,0,0,1,0
"lyin",0,0,0,0,1,0
"magnificent",0,0,0,0,1,0
"major",0,0,0,0,1,0
"makes",0,0,0,0,1,0
"man",0,0,0,0,1,0
"mana",0,0,0,0,1,0
"manage",0,0,0,0,1,0
"manager",0,0,0,0,1,0
"manipulation",0,0,0,0,1,0
"manufacturing",0,0,0,0,1,0
"maryland",0,0,0,0,1,0
"mask",0,0,0,0,1,0
"massachusetts",0,0,0,0,1,0
"massive",0,0,0,0,1,0
"massively",0,0,0,0,1,0
"matches",0,0,0,0,1,0
"matrix",0,0,0,0,1,4
"mayor",0,0,0,0,1,0
"meaning",0,0,0,0,1,0
"medal",0,0,0,0,1,0
"meeting",0,0,0,0,1,0
"meets",0,0,0,0,1,0
"meijer",0,0,0,0,1,0
"men",0,0,0,0,1,0
"mention",0,0,0,0,1,0
"mentioned",0,0,0,0,1,0
"mesh",0,0,0,0,1,0
"mfmatrix",0,0,0,0,1,1
"michigan",0,0,0,0,1,0
"miles",0,0,0,0,1,0
"militia",0,0,0,0,1,0
"mind",0,0,0,0,1,0
"minutes",0,0,0,0,1,0
"missing",0,0,0,0,1,0
"mission",0,0,0,0,1,0
"mistake",0,0,0,0,1,0
"mistreated",0,0,0,0,1,0
"mochi",0,0,0,0,1,0
"model",0,0,0,0,1,0
"monthly",0,0,0,0,1,0
"months",0,0,0,0,1,0
"morphix",0,0,0,0,1,0
"motel",0,0,0,0,1,0
"motion",0,0,0,0,1,0
"motto",0,0,0,0,1,0
"moving",0,0,0,0,1,0
"murdered",0,0,0,0,1,0
"muscle",0,0,0,0,1,0
"must",0,0,0,0,1,0
"nafta",0,0,0,0,1,0
"narrative",0,0,0,0,1,0
"natural",0,0,0,0,1,0
"nazca",0,0,0,0,1,0
"needed",0,0,0,0,1,0
"negative",0,0,0,0,1,0
"negotiated",0,0,0,0,1,0
"negotiators",0,0,0,0,1,0
"newdata",0,0,0,0,1,2
"nicely",0,0,0,0,1,0
"nicest",0,0,0,0,1,0
"nightmare",0,0,0,0,1,0
"nine",0,0,0,0,1,0
"nmf",0,0,0,0,1,2
"nmfm",0,0,0,0,1,1
"nobodys",0,0,0,0,1,0
"nomination",0,0,0,0,1,0
"none",0,0,0,0,1,0
"norman",0,0,0,0,1,0
"north",0,0,0,0,1,0
"notes",0,0,0,0,1,0
"notice",0,0,0,0,1,0
"null",0,0,0,0,1,1
"obamaclinton",0,0,0,0,1,0
"obviously",0,0,0,0,1,0
"oclock",0,0,0,0,1,0
"offense",0,0,0,0,1,0
"officially",0,0,0,0,1,0
"ohio",0,0,0,0,1,0
"old",0,0,0,0,1,0
"omnibus",0,0,0,0,1,0
"onceinalifetime",0,0,0,0,1,0
"oneway",0,0,0,0,1,0
"online",0,0,0,0,1,0
"options",0,0,0,0,1,0
"order",0,0,0,0,1,2
"oreilly",0,0,0,0,1,0
"organization",0,0,0,0,1,0
"original",0,0,0,0,1,0
"otherwise",0,0,0,0,1,0
"overboard",0,0,0,0,1,0
"overlap",0,0,0,0,1,0
"overrun",0,0,0,0,1,0
"overseas",0,0,0,0,1,0
"overwhelming",0,0,0,0,1,0
"owe",0,0,0,0,1,0
"pac",0,0,0,0,1,0
"packed",0,0,0,0,1,0
"pages",0,0,0,0,1,0
"paid",0,0,0,0,1,0
"palin",0,0,0,0,1,0
"paragraph",0,0,0,0,1,0
"parent",0,0,0,0,1,0
"participated",0,0,0,0,1,0
"partition",0,0,0,0,1,0
"partner",0,0,0,0,1,0
"partnership",0,0,0,0,1,0
"parts",0,0,0,0,1,0
"party",0,0,0,0,1,0
"pass",0,0,0,0,1,0
"pathetic",0,0,0,0,1,0
"pathway",0,0,0,0,1,0
"patrol",0,0,0,0,1,0
"pattern",0,0,0,0,1,1
"paul",0,0,0,0,1,0
"pence",0,0,0,0,1,0
"pennsylvania",0,0,0,0,1,0
"peoples",0,0,0,0,1,0
"perhaps",0,0,0,0,1,0
"persevered",0,0,0,0,1,0
"person",0,0,0,0,1,0
"personality",0,0,0,0,1,0
"perspective",0,0,0,0,1,0
"phenomena",0,0,0,0,1,0
"phenomenal",0,0,0,0,1,0
"phenomenas",0,0,0,0,1,0
"phenomenon",0,0,0,0,1,0
"phone",0,0,0,0,1,0
"pick",0,0,0,0,1,0
"pitches",0,0,0,0,1,0
"placed",0,0,0,0,1,0
"places",0,0,0,0,1,0
"plant",0,0,0,0,1,0
"plants",0,0,0,0,1,0
"players",0,0,0,0,1,0
"playing",0,0,0,0,1,0
"please",0,0,0,0,1,0
"pledge",0,0,0,0,1,0
"plenty",0,0,0,0,1,0
"policies",0,0,0,0,1,0
"politician",0,0,0,0,1,0
"pond",0,0,0,0,1,0
"poorly",0,0,0,0,1,0
"popular",0,0,0,0,1,0
"positive",0,0,0,0,1,0
"possible",0,0,0,0,1,0
"poughkeepsie",0,0,0,0,1,0
"pouring",0,0,0,0,1,0
"power",0,0,0,0,1,0
"practical",0,0,0,0,1,0
"practically",0,0,0,0,1,0
"preference",0,0,0,0,1,0
"premiums",0,0,0,0,1,0
"prepare",0,0,0,0,1,1
"present",0,0,0,0,1,0
"presidency",0,0,0,0,1,0
"pretty",0,0,0,0,1,0
"prevent",0,0,0,0,1,0
"previews",0,0,0,0,1,0
"prints",0,0,0,0,1,0
"printw",0,0,0,0,1,1
"prob",0,0,0,0,1,0
"problems",0,0,0,0,1,0
"produced",0,0,0,0,1,0
"product",0,0,0,0,1,0
"production",0,0,0,0,1,0
"products",0,0,0,0,1,0
"program",0,0,0,0,1,0
"promise",0,0,0,0,1,0
"prompt",0,0,0,0,1,0
"proposed",0,0,0,0,1,0
"protected",0,0,0,0,1,0
"protectors",0,0,0,0,1,0
"proven",0,0,0,0,1,0
"proves",0,0,0,0,1,0
"pure",0,0,0,0,1,0
"qualified",0,0,0,0,1,0
"quarterback",0,0,0,0,1,0
"quickly",0,0,0,0,1,0
"quit",0,0,0,0,1,0
"quitting",0,0,0,0,1,0
"radiant",0,0,0,0,1,0
"radical",0,0,0,0,1,0
"radicalism",0,0,0,0,1,0
"radio",0,0,0,0,1,0
"raided",0,0,0,0,1,0
"rain",0,0,0,0,1,0
"raise",0,0,0,0,1,0
"raleys",0,0,0,0,1,0
"rally",0,0,0,0,1,0
"rallys",0,0,0,0,1,0
"rant",0,0,0,0,1,0
"rave",0,0,0,0,1,0
"reaches",0,0,0,0,1,0
"reacted",0,0,0,0,1,0
"readcsvfile",0,0,0,0,1,1
"reagan",0,0,0,0,1,0
"real",0,0,0,0,1,1
"realize",0,0,0,0,1,0
"realized",0,0,0,0,1,0
"realizing",0,0,0,0,1,0
"rebuild",0,0,0,0,1,0
"recipients",0,0,0,0,1,0
"record",0,0,0,0,1,0
"refugee",0,0,0,0,1,0
"refugees",0,0,0,0,1,0
"regard",0,0,0,0,1,0
"regions",0,0,0,0,1,0
"regretting",0,0,0,0,1,0
"regulation",0,0,0,0,1,0
"released",0,0,0,0,1,0
"religious",0,0,0,0,1,0
"removenumbers",0,0,0,0,1,1
"removepunctuation",0,0,0,0,1,1
"removewords",0,0,0,0,1,1
"renegotiate",0,0,0,0,1,0
"rep",0,0,0,0,1,0
"repeal",0,0,0,0,1,0
"repealing",0,0,0,0,1,0
"replace",0,0,0,0,1,0
"replacing",0,0,0,0,1,0
"representatives",0,0,0,0,1,0
"republican",0,0,0,0,1,0
"res",0,0,0,0,1,1
"residents",0,0,0,0,1,0
"resistance",0,0,0,0,1,0
"rest",0,0,0,0,1,0
"restored",0,0,0,0,1,0
"restoring",0,0,0,0,1,0
"restructuring",0,0,0,0,1,0
"retail",0,0,0,0,1,0
"retire",0,0,0,0,1,0
"return",0,0,0,0,1,0
"rfiles",0,0,0,0,1,3
"rhetoric",0,0,0,0,1,0
"rhode",0,0,0,0,1,0
"rich",0,0,0,0,1,0
"richest",0,0,0,0,1,0
"rig",0,0,0,0,1,0
"rigged",0,0,0,0,1,0
"ring",0,0,0,0,1,0
"ripped",0,0,0,0,1,0
"ripping",0,0,0,0,1,0
"rise",0,0,0,0,1,0
"road",0,0,0,0,1,0
"roads",0,0,0,0,1,0
"roll",0,0,0,0,1,0
"rolla",0,0,0,0,1,0
"ronald",0,0,0,0,1,0
"roof",0,0,0,0,1,0
"rose",0,0,0,0,1,0
"rosemarie",0,0,0,0,1,0
"roses",0,0,0,0,1,0
"rosie",0,0,0,0,1,0
"round",0,0,0,0,1,0
"rove",0,0,0,0,1,0
"row",0,0,0,0,1,0
"rownamesm",0,0,0,0,1,1
"rowsumsdf",0,0,0,0,1,1
"rubio",0,0,0,0,1,0
"rudolph",0,0,0,0,1,0
"ruled",0,0,0,0,1,0
"rum",0,0,0,0,1,0
"rusev",0,0,0,0,1,0
"rustling",0,0,0,0,1,0
"rut",0,0,0,0,1,0
"sad",0,0,0,0,1,0
"safe",0,0,0,0,1,0
"safety",0,0,0,0,1,0
"saluting",0,0,0,0,1,0
"san",0,0,0,0,1,0
"sanctuary",0,0,0,0,1,0
"sand",0,0,0,0,1,0
"sandwich",0,0,0,0,1,0
"sarah",0,0,0,0,1,0
"saturday",0,0,0,0,1,0
"save",0,0,0,0,1,1
"saved",0,0,0,0,1,0
"school",0,0,0,0,1,0
"schools",0,0,0,0,1,0
"secretariats",0,0,0,0,1,0
"secure",0,0,0,0,1,0
"seeds",0,0,0,0,1,0
"seeing",0,0,0,0,1,0
"sell",0,0,0,0,1,0
"seller",0,0,0,0,1,0
"senator",0,0,0,0,1,0
"sense",0,0,0,0,1,0
"sentence",0,0,0,0,1,0
"sequester",0,0,0,0,1,0
"serve",0,0,0,0,1,0
"setwd",0,0,0,0,1,1
"seven",0,0,0,0,1,0
"several",0,0,0,0,1,0
"shaking",0,0,0,0,1,0
"sheriff",0,0,0,0,1,0
"shes",0,0,0,0,1,0
"shift",0,0,0,0,1,0
"ship",0,0,0,0,1,0
"shit",0,0,0,0,1,0
"shocked",0,0,0,0,1,0
"shoes",0,0,0,0,1,0
"shootings",0,0,0,0,1,0
"shopper",0,0,0,0,1,0
"short",0,0,0,0,1,0
"show",0,0,0,0,1,0
"showing",0,0,0,0,1,0
"shows",0,0,0,0,1,0
"shut",0,0,0,0,1,0
"siblings",0,0,0,0,1,0
"side",0,0,0,0,1,0
"signed",0,0,0,0,1,0
"significantly",0,0,0,0,1,0
"silly",0,0,0,0,1,0
"similar",0,0,0,0,1,0
"simple",0,0,0,0,1,0
"singapore",0,0,0,0,1,0
"singapores",0,0,0,0,1,0
"sir",0,0,0,0,1,0
"sister",0,0,0,0,1,0
"sitting",0,0,0,0,1,0
"sixty",0,0,0,0,1,0
"sixtytwo",0,0,0,0,1,0
"slashes",0,0,0,0,1,0
"sleep",0,0,0,0,1,0
"slide",0,0,0,0,1,0
"slur",0,0,0,0,1,0
"small",0,0,0,0,1,0
"smart",0,0,0,0,1,0
"smarter",0,0,0,0,1,0
"socalled",0,0,0,0,1,0
"sold",0,0,0,0,1,0
"solve",0,0,0,0,1,0
"somebody",0,0,0,0,1,0
"someone",0,0,0,0,1,0
"son",0,0,0,0,1,0
"song",0,0,0,0,1,0
"sorry",0,0,0,0,1,0
"speak",0,0,0,0,1,0
"speaks",0,0,0,0,1,0
"spears",0,0,0,0,1,0
"specify",0,0,0,0,1,1
"speechtxtspeechtxtspeechtxt",0,0,0,0,1,0
"speechtxtspeechtxtspeechtxttdmcsvtextmrr",0,0,0,0,1,0
"speechtxttdmcsvtextmrr",0,0,0,0,1,0
"spending",0,0,0,0,1,0
"spent",0,0,0,0,1,0
"spills",0,0,0,0,1,0
"spin",0,0,0,0,1,0
"spoke",0,0,0,0,1,0
"spotted",0,0,0,0,1,0
"spread",0,0,0,0,1,0
"stack",0,0,0,0,1,0
"stadiums",0,0,0,0,1,0
"stage",0,0,0,0,1,0
"stakes",0,0,0,0,1,0
"standard",0,0,0,0,1,0
"stands",0,0,0,0,1,0
"star",0,0,0,0,1,0
"started",0,0,0,0,1,0
"statements",0,0,0,0,1,0
"statistically",0,0,0,0,1,0
"stats",0,0,0,0,1,0
"stay",0,0,0,0,1,0
"steak",0,0,0,0,1,0
"steam",0,0,0,0,1,0
"steel",0,0,0,0,1,0
"steinle",0,0,0,0,1,0
"stemdocument",0,0,0,0,1,1
"steve",0,0,0,0,1,0
"stolen",0,0,0,0,1,0
"stopped",0,0,0,0,1,0
"stopping",0,0,0,0,1,0
"stopwordsenglish",0,0,0,0,1,1
"store",0,0,0,0,1,0
"straight",0,0,0,0,1,0
"straighten",0,0,0,0,1,0
"street",0,0,0,0,1,0
"strength",0,0,0,0,1,0
"stripwhitespace",0,0,0,0,1,1
"stronger",0,0,0,0,1,0
"stronghold",0,0,0,0,1,0
"strongly",0,0,0,0,1,0
"struggling",0,0,0,0,1,0
"stuff",0,0,0,0,1,0
"stupid",0,0,0,0,1,0
"stupidity",0,0,0,0,1,0
"sucked",0,0,0,0,1,0
"sucker",0,0,0,0,1,0
"suddenly",0,0,0,0,1,0
"suffers",0,0,0,0,1,0
"suffolk",0,0,0,0,1,0
"summers",0,0,0,0,1,0
"summing",0,0,0,0,1,0
"sup",0,0,0,0,1,0
"super",0,0,0,0,1,0
"supported",0,0,0,0,1,0
"supports",0,0,0,0,1,0
"supposed",0,0,0,0,1,0
"surging",0,0,0,0,1,0
"survey",0,0,0,0,1,0
"suspend",0,0,0,0,1,0
"swamp",0,0,0,0,1,0
"sweet",0,0,0,0,1,0
"syrian",0,0,0,0,1,0
"systems",0,0,0,0,1,0
"talented",0,0,0,0,1,0
"talked",0,0,0,0,1,0
"talker",0,0,0,0,1,0
"talking",0,0,0,0,1,0
"tax",0,0,0,0,1,0
"taxes",0,0,0,0,1,0
"tdm",0,0,0,0,1,3
"tdmcsv",0,0,0,0,1,2
"team",0,0,0,0,1,0
"teleprompter",0,0,0,0,1,0
"temper",0,0,0,0,1,0
"tempers",0,0,0,0,1,0
"ten",0,0,0,0,1,0
"tenant",0,0,0,0,1,0
"tennis",0,0,0,0,1,0
"term",0,0,0,0,1,1
"termdocumentmatrixdocs",0,0,0,0,1,1
"terrible",0,0,0,0,1,0
"terrorists",0,0,0,0,1,0
"test",0,0,0,0,1,1
"testitude",0,0,0,0,1,0
"text",0,0,0,0,1,2
"textmrrechotrue",0,0,0,0,1,0
"thatll",0,0,0,0,1,0
"therefore",0,0,0,0,1,0
"theyll",0,0,0,0,1,0
"things",0,0,0,0,1,0
"thinkin",0,0,0,0,1,0
"thirty",0,0,0,0,1,0
"thought",0,0,0,0,1,0
"thousand",0,0,0,0,1,0
"threatening",0,0,0,0,1,0
"three",0,0,0,0,1,0
"thrive",0,0,0,0,1,0
"throat",0,0,0,0,1,0
"ticklish",0,0,0,0,1,0
"tie",0,0,0,0,1,0
"tim",0,0,0,0,1,0
"tired",0,0,0,0,1,0
"title",0,0,0,0,1,0
"tmmapdocs",0,0,0,0,1,7
"tom",0,0,0,0,1,0
"tommy",0,0,0,0,1,0
"tone",0,0,0,0,1,0
"tongue",0,0,0,0,1,0
"topic",0,0,0,0,1,1
"tospace",0,0,0,0,1,2
"total",0,0,0,0,1,0
"totally",0,0,0,0,1,0
"touchin",0,0,0,0,1,0
"touching",0,0,0,0,1,0
"tougher",0,0,0,0,1,0
"toughest",0,0,0,0,1,0
"toughness",0,0,0,0,1,0
"tower",0,0,0,0,1,0
"towns",0,0,0,0,1,0
"tpp",0,0,0,0,1,0
"track",0,0,0,0,1,0
"trailer",0,0,0,0,1,0
"train",0,0,0,0,1,0
"traitors",0,0,0,0,1,0
"translates",0,0,0,0,1,0
"transpacific",0,0,0,0,1,0
"transport",0,0,0,0,1,0
"trees",0,0,0,0,1,0
"tremendous",0,0,0,0,1,0
"trigger",0,0,0,0,1,0
"trillion",0,0,0,0,1,0
"trillions",0,0,0,0,1,0
"truly",0,0,0,0,1,0
"truth",0,0,0,0,1,0
"trying",0,0,0,0,1,0
"twenty",0,0,0,0,1,0
"twoway",0,0,0,0,1,0
"type",0,0,0,0,1,0
"ufo",0,0,0,0,1,0
"unbelievably",0,0,0,0,1,0
"unbroken",0,0,0,0,1,0
"uncle",0,0,0,0,1,0
"understands",0,0,0,0,1,0
"underwater",0,0,0,0,1,0
"unemployment",0,0,0,0,1,0
"unfair",0,0,0,0,1,0
"unfree",0,0,0,0,1,0
"unnecessary",0,0,0,0,1,0
"unsafe",0,0,0,0,1,0
"untapped",0,0,0,0,1,0
"uphold",0,0,0,0,1,0
"upon",0,0,0,0,1,0
"upset",0,0,0,0,1,0
"upstate",0,0,0,0,1,0
"user",0,0,0,0,1,1
"users",0,0,0,0,1,3
"valleys",0,0,0,0,1,0
"vanished",0,0,0,0,1,0
"version",0,0,0,0,1,0
"vetted",0,0,0,0,1,0
"vice",0,0,0,0,1,0
"victories",0,0,0,0,1,0
"victory",0,0,0,0,1,0
"video",0,0,0,0,1,0
"viewers",0,0,0,0,1,0
"virtually",0,0,0,0,1,0
"vote",0,0,0,0,1,0
"voted",0,0,0,0,1,0
"voter",0,0,0,0,1,0
"voting",0,0,0,0,1,0
"wake",0,0,0,0,1,0
"walk",0,0,0,0,1,0
"walking",0,0,0,0,1,0
"wanted",0,0,0,0,1,0
"warm",0,0,0,0,1,0
"warming",0,0,0,0,1,0
"wars",0,0,0,0,1,0
"wasnt",0,0,0,0,1,0
"waste",0,0,0,0,1,0
"wasting",0,0,0,0,1,0
"watanabetakato",0,0,0,0,1,3
"watch",0,0,0,0,1,0
"water",0,0,0,0,1,0
"waves",0,0,0,0,1,0
"wealth",0,0,0,0,1,0
"wealthy",0,0,0,0,1,0
"weapon",0,0,0,0,1,0
"webpages",0,0,0,0,1,1
"weight",0,0,0,0,1,0
"werent",0,0,0,0,1,0
"wheelhouse",0,0,0,0,1,0
"whenever",0,0,0,0,1,0
"wide",0,0,0,0,1,0
"wife",0,0,0,0,1,0
"windows",0,0,0,0,1,0
"wise",0,0,0,0,1,0
"wish",0,0,0,0,1,0
"wives",0,0,0,0,1,0
"woman",0,0,0,0,1,0
"won",0,0,0,0,1,0
"wonder",0,0,0,0,1,0
"wondering",0,0,0,0,1,0
"wont",0,0,0,0,1,0
"wordmatrix",0,0,0,0,1,1
"wordmatrixorderwordmatrixdoc",0,0,0,0,1,1
"wordmatrixwordrownameswordmatrix",0,0,0,0,1,1
"workers",0,0,0,0,1,0
"worlds",0,0,0,0,1,0
"worse",0,0,0,0,1,0
"worst",0,0,0,0,1,0
"worth",0,0,0,0,1,0
"wouldnt",0,0,0,0,1,0
"wow",0,0,0,0,1,0
"write",0,0,0,0,1,1
"writecsvm",0,0,0,0,1,1
"written",0,0,0,0,1,0
"yawning",0,0,0,0,1,0
"yeah",0,0,0,0,1,0
"yesterday",0,0,0,0,1,0
"yfrequency",0,0,0,0,1,1
"york",0,0,0,0,1,0
"youd",0,0,0,0,1,0
"youll",0,0,0,0,1,0
"young",0,0,0,0,1,0
"youve",0,0,0,0,1,0
"¥rally",0,0,0,0,1,0
"大学",0,0,0,0,1,3
